,title,Author,Book_Audio_Length
0,Start with Why,Simon Sinek,Length: 7 hrs and 18 mins
1,The Everyday Hero Manifesto,Robin Sharma,Length: 9 hrs and 27 mins
2,Indomitable,Arundhati Bhattacharya,Length: 15 hrs and 26 mins
3,Build,Tony Fadell,Length: 11 hrs and 4 mins
4,The Design of Everyday Things,Don Norman,Length: 10 hrs and 39 mins
5,Designing Data-Intensive Applications,Martin Kleppmann,Length: 20 hrs and 56 mins
6,Think and Grow Rich,Napoleon Hill,Length: 10 hrs and 15 mins
7,The Earned Life,Marshall Goldsmith,Length: 8 hrs and 23 mins
8,The Ambuja Story,Narotam Sekhsaria,Length: 13 hrs and 59 mins
9,Extreme Ownership,Jocko Willink,Length: 9 hrs and 33 mins
10,$100M Offers,Alex Hormozi,Length: 3 hrs and 48 mins
11,How Come No One Told Me That,Prakash Iyer,Length: 8 hrs and 21 mins
12,The YouTube Formula,Derral Eves,Length: 10 hrs and 3 mins
13,The Mental Game of Trading,Jared Tendler,Length: 9 hrs and 44 mins
14,Think Again,Adam Grant,Length: 6 hrs and 41 mins
15,No Excuses!,Brian Tracy,Length: 6 hrs and 51 mins
16,Hyperfocus,Chris Bailey,Length: 6 hrs and 39 mins
17,Elon Musk,Ashlee Vance,Length: 13 hrs and 23 mins
18,Loved,Martina Lauchengco,Length: 6 hrs and 56 mins
19,HBR at 100,Harvard Business Review,Length: 17 hrs and 7 mins
20,Range,David Epstein,Length: 10 hrs and 17 mins
21,The Hard Thing About Hard Things,Ben Horowitz,Length: 7 hrs and 57 mins
22,Grit,Angela Duckworth,Length: 9 hrs and 21 mins
23,Zero to IPO,Frederic Kerrest,Length: 8 hrs and 3 mins
24,Digital Minimalism,Cal Newport,Length: 7 hrs
25,The Personal MBA: Master the Art of Business,Josh Kaufman,Length: 15 hrs and 25 mins
26,Trading in the Zone,Mark Douglas,Length: 7 hrs and 57 mins
27,Rework,Jason Fried,Length: 2 hrs and 50 mins
28,Invent and Wander,Jeff Bezos,Length: 8 hrs and 55 mins
29,Your Money or Your Life,Vicki Robin,Length: 11 hrs and 21 mins
30,No Rules Rules,Reed Hastings,Length: 9 hrs and 42 mins
31,The Obstacle Is the Way,Ryan Holiday,Length: 6 hrs and 7 mins
32,The Millionaire Fastlane: Crack the Code to Wealth and Live Rich for a Lifetime,MJ DeMarco,Length: 12 hrs and 46 mins
33,Outliers,Malcolm Gladwell,Length: 7 hrs and 18 mins
34,Make Time,Jake Knapp,Length: 4 hrs and 58 mins
35,The ONE Thing,Gary Keller,Length: 5 hrs and 24 mins
36,Funding Your Startup,Dhruv Nath,Length: 8 hrs and 22 mins
37,Master Your Emotions: A Practical Guide to Overcome Negativity and Better Manage Your Feelings,Thibaut Meurisse,Length: 3 hrs and 54 mins
38,How to Talk to Anyone,Leil Lowndes,Length: 8 hrs and 59 mins
39,Good to Great,Jim Collins,Length: 10 hrs and 1 min
40,The Lean Startup,Eric Ries,Length: 8 hrs and 38 mins
41,Titan,Ron Chernow,Length: 35 hrs and 3 mins
42,Leaders Eat Last,Simon Sinek,Length: 9 hrs and 22 mins
43,Inspired,Marty Cagan,Length: 7 hrs and 45 mins
44,Indistractable,Nir Eyal,Length: 5 hrs and 15 mins
45,Hooked: How to Build Habit-Forming Products,Nir Eyal,Length: 4 hrs and 40 mins
46,The NFT Handbook,Matt Fortnow,Length: 7 hrs and 2 mins
47,The 10X Rule,Grant Cardone,Length: 7 hrs and 24 mins
48,The Daily Stoic,Ryan Holiday,Length: 10 hrs and 6 mins
49,I Too Had a Dream,Kurien,Length: 9 hrs and 58 mins
50,Working with Emotional Intelligence,Daniel Goleman,Length: 13 hrs and 3 mins
51,Founder Brand,Dave Gerhardt,Length: 3 hrs and 27 mins
52,Traction,Gabriel Weinberg,Length: 7 hrs and 23 mins
53,33 Strategies of War,Robert Greene,Length: 27 hrs and 30 mins
54,Secrets of the Millionaire Mind,T. Harv Eker,Length: 5 hrs and 10 mins
55,Ego Is the Enemy,Ryan Holiday,Length: 6 hrs and 56 mins
56,Find Your Why,Simon Sinek,Length: 4 hrs and 56 mins
57,The Richest Man in Babylon,George S. Clason,Length: 4 hrs and 4 mins
58,The Power of Habit,Charles Duhigg,Length: 10 hrs and 53 mins
59,The Phoenix Project,Gene Kim,Length: 14 hrs and 46 mins
60,Blink,Malcolm Gladwell,Length: 7 hrs and 44 mins
61,Leadership and Self-Deception: Getting Out of the Box,The Arbinger Institute,Length: 6 hrs and 1 min
62,Never Split the Difference,Chris Voss,Length: 8 hrs and 7 mins
63,Extraordinary Leadership,Robin Sharma,Length: 1 hr and 6 mins
64,The Most Important Thing,Howard Marks,Length: 7 hrs and 9 mins
65,Staff Engineer,Will Larson,Length: 8 hrs and 52 mins
66,HBR's 10 Must Reads on Managing Yourself,Harvard Business Review,Length: 7 hrs and 26 mins
67,The Power of Regret,Daniel H. Pink,Length: 5 hrs and 29 mins
68,Rich as F--k,Amanda Frances,Length: 6 hrs and 45 mins
69,Alibaba,Duncan Clark,Length: 9 hrs and 9 mins
70,"Thinking, Fast and Slow",Daniel Kahneman,Length: 20 hrs and 1 min
71,Zero to One,Peter Thiel,Length: 4 hrs and 50 mins
72,Product-Led Growth,Wes Bush,Length: 4 hrs and 23 mins
73,The Founders,Jimmy Soni,Length: 15 hrs and 46 mins
74,The Challenger Sale,Matthew Dixon,Length: 5 hrs and 43 mins
75,The Chimp Paradox,Prof Steve Peters,Length: 9 hrs and 45 mins
76,The Toyota Way (Second Edition),Jeffrey Liker,Length: 17 hrs and 36 mins
77,Key Person of Influence,Daniel Priestley,Length: 4 hrs and 50 mins
78,The 5 Levels of Leadership (10th Anniversary Edition),John C. Maxwell,Length: 7 hrs and 17 mins
79,The Art of Startup Fundraising,Alejandro Cremades,Length: 6 hrs and 24 mins
80,HBR's 10 Must Reads on Communication,Harvard Business Review,Length: 6 hrs and 59 mins
81,Linchpin,Seth Godin,Length: 8 hrs and 19 mins
82,Turn the Ship Around!,L. David Marquet,Length: 6 hrs and 26 mins
83,The Lean Product Playbook,Dan Olsen,Length: 9 hrs and 54 mins
84,Storyworthy,Matthew Dicks,Length: 10 hrs and 1 min
85,Algorithms to Live By,Brian Christian,Length: 11 hrs and 50 mins
86,AWS Certified Solutions Architect Audio Crash Course,AudioLearn Content Team,Length: 8 hrs and 23 mins
87,Execution,Larry Bossidy,Length: 8 hrs and 14 mins
88,Chanakya and the Art of War,Radhakrishnan Pillai,Length: 5 hrs and 11 mins
89,Data Science for Business,Foster Provost,Length: 12 hrs and 46 mins
90,Founders at Work,Jessica Livingston,Length: 21 hrs and 46 mins
91,The Effective Executive,Peter F. Drucker,Length: 6 hrs and 15 mins
92,Market Wizards,Jack D. Schwager,Length: 14 hrs and 41 mins
93,Skin in the Game,Nassim Nicholas Taleb,Length: 8 hrs and 20 mins
94,"The DevOps Handbook, Second Edition",Gene Kim,Length: 15 hrs and 51 mins
95,Working Backwards,Colin Bryar,Length: 10 hrs and 40 mins
96,Leadership Wisdom from the Monk Who Sold His Ferrari,Robin Sharma,Length: 7 hrs and 31 mins
97,The Culture Map,Erin Meyer,Length: 7 hrs and 42 mins
98,Crushing It!,Gary Vaynerchuk,Length: 8 hrs and 2 mins
99,15 Secrets Successful People Know About Time Management,Kevin Kruse,Length: 3 hrs and 10 mins
100,The Prosperous Coach: Increase Income and Impact for You and Your Clients,Steve Chandler,Length: 4 hrs and 20 mins
101,The IndiGo Story,Shelley Vishwajeet,Length: 6 hrs and 11 mins
102,Marketing 4.0,Philip Kotler,Length: 4 hrs and 48 mins
103,HBR's 10 Must Reads on Strategy,Harvard Business Review,Length: 9 hrs and 17 mins
104,Essentialism,Greg McKeown,Length: 6 hrs and 14 mins
105,Escaping the Build Trap,Melissa Perri,Length: 6 hrs and 44 mins
106,Measure What Matters,John Doerr,Length: 7 hrs and 56 mins
107,The Goal,Eliyahu M. Goldratt,Length: 11 hrs and 45 mins
108,What Got You Here Won't Get You There,Marshall Goldsmith,Length: 7 hrs and 56 mins
109,The Three Laws of Performance,Steve Zaffron,Length: 6 hrs and 12 mins
110,The New Map,Daniel Yergin,Length: 15 hrs and 48 mins
111,Ca$hvertising,Drew Eric Whitman,Length: 6 hrs and 17 mins
112,Creativity Inc.,Ed Catmull,Length: 12 hrs and 52 mins
113,Competing Against Luck,Clayton M. Christensen,Length: 7 hrs and 25 mins
114,The Basics of Bitcoins and Blockchains,Antony Lewis,Length: 9 hrs and 23 mins
115,Napoleon Hill's Outwitting the Devil,Napoleon Hill,Length: 5 hrs and 51 mins
116,"30 Days - Change Your Habits, Change Your Life",Marc Reklau,Length: 4 hrs and 12 mins
117,SPIN Selling,Neil Rackham,Length: 6 hrs and 12 mins
118,HBR's 10 Must Reads on Design Thinking,Harvard Business Review,Length: 5 hrs and 52 mins
119,"Change Your Paradigm, Change Your Life",Bob Proctor,Length: 5 hrs and 20 mins
120,Effortless,Greg McKeown,Length: 6 hrs and 2 mins
121,Leadership Strategy and Tactics,Jocko Willink,Length: 8 hrs and 24 mins
122,Exactly What to Say,Phil M. Jones,Length: 1 hr and 14 mins
123,Talk Like TED,Carmine Gallo,Length: 7 hrs and 42 mins
124,Finding Flow,Mihaly Csikszentmihalyi,Length: 5 hrs and 6 mins
125,Sell,Subroto Bagchi,Length: 4 hrs and 57 mins
126,Radical Candor,Kim Scott,Length: 9 hrs and 23 mins
127,The Greatness Guide,Robin Sharma,Length: 4 hrs and 17 mins
128,Tools of Titans,Tim Ferriss,Length: 22 hrs and 41 mins
129,Crush It!,Gary Vaynerchuk,Length: 3 hrs and 40 mins
130,The Wisdom of Crowds,James Surowiecki,Length: 9 hrs and 29 mins
131,The Secret of Leadership,Prakash Iyer,Length: 5 hrs and 33 mins
132,YouTube Secrets,Sean Cannell,Length: 5 hrs and 29 mins
133,Good Strategy/Bad Strategy,Richard Rumelt,Length: 11 hrs and 49 mins
134,Crucial Conversations,Kerry Patterson,Length: 4 hrs and 17 mins
135,The Startup of You (Revised and Updated),Reid Hoffman,Length: 6 hrs and 48 mins
136,The Art of Saying No,Damon Zahariades,Length: 2 hrs and 22 mins
137,The Ride of a Lifetime,Robert Iger,Length: 8 hrs and 45 mins
138,The Making of a Manager,Julie Zhuo,Length: 7 hrs and 32 mins
139,Critical Business Skills for Success,The Great Courses,Length: 31 hrs and 18 mins
140,It's Not Luck,Eliyahu M. Goldratt,Length: 8 hrs and 30 mins
141,Capital in the Twenty-First Century,Thomas Piketty,Length: 24 hrs and 58 mins
142,How to Day Trade for a Living,Andrew Aziz,Length: 6 hrs and 56 mins
143,Decisive,Chip Heath,Length: 9 hrs and 9 mins
144,Inside Chanakya's Mind,Radhakrishnan Pillai,Length: 5 hrs and 57 mins
145,The Voltage Effect,John A List,Length: 8 hrs and 26 mins
146,Beyond Entrepreneurship 2.0,Jim Collins,Length: 13 hrs and 53 mins
147,Marketing 5.0,Philip Kotler,Length: 7 hrs and 8 mins
148,"HBR's 10 Must Reads on AI, Analytics, and the New Machine Age",Harvard Business Review,Length: 5 hrs and 25 mins
149,The Fifth Discipline,Peter M. Senge,Length: 4 hrs and 18 mins
150,How Will You Measure Your Life?,Clayton M. Christensen,Length: 5 hrs and 28 mins
151,Time Management Made Simple,Brian Tracy,Length: 10 hrs and 48 mins
152,Pitch Anything,Oren Klaff,Length: 6 hrs and 14 mins
153,"Bulls, Bears and Other Beasts",Santosh Nair,Length: 11 hrs and 8 mins
154,Hacking Growth,Morgan Brown,Length: 10 hrs and 43 mins
155,Business Sutra,Devdutt Pattanaik,Length: 11 hrs and 26 mins
156,The 22 Immutable Laws of Marketing,Al Ries,Length: 3 hrs and 6 mins
157,Bullshit Jobs,David Graeber,Length: 12 hrs and 38 mins
158,TED Talks,Chris Anderson,Length: 7 hrs and 31 mins
159,How to Trade in Stocks,Jesse Livermore,Length: 1 hr and 43 mins
160,Smarter Faster Better,Charles Duhigg,Length: 10 hrs and 22 mins
161,Upstream,Dan Heath,Length: 7 hrs and 46 mins
162,Good to Great,Jim Collins,Length: 9 hrs and 58 mins
163,How Successful People Think,John C. Maxwell,Length: 3 hrs and 39 mins
164,All Marketers Are Liars,Seth Godin,Length: 4 hrs and 17 mins
165,Blitzscaling,Reid Hoffman,Length: 9 hrs and 3 mins
166,The Psychology of Selling,Brian Tracy,Length: 6 hrs and 18 mins
167,Bottle of Lies,Katherine Eban,Length: 14 hrs and 26 mins
168,Pre-suasion,Robert Cialdini,Length: 9 hrs and 24 mins
169,Rich Dad's Before You Quit Your Job,Robert T. Kiyosaki,Length: 7 hrs and 58 mins
170,Emotional Agility,Susan David,Length: 7 hrs and 28 mins
171,The High Performance Entrepreneur,Subroto Bagchi,Length: 6 hrs and 35 mins
172,Storytelling with Data,Cole Nussbaumer Knaflic,Length: 5 hrs and 43 mins
173,The Amazon Way: Amazon's 14 Leadership Principles,John Rossman,Length: 4 hrs and 40 mins
174,The New One Minute Manager,Ken Blanchard,Length: 1 hr and 27 mins
175,Lean In,Sheryl Sandberg,Length: 6 hrs and 27 mins
176,"Mastering Communication at Work, Second Edition",Ethan Becker,Length: 7 hrs and 27 mins
177,The Coaching Habit,Michael Bungay Stanier,Length: 3 hrs and 3 mins
178,Amp It Up,Frank Slootman,Length: 5 hrs and 35 mins
179,Imaginable,Jane McGonigal,Length: 16 hrs and 30 mins
180,Apne Bheetar Chhupe Leader ko Kaise Jagayein [Developing the Leader Within You],John C. Maxwell,Length: 8 hrs and 51 mins
181,Million Dollar Habits,Brian Tracy,Length: 7 hrs and 6 mins
182,Competitive Strategy,Michael E. Porter,Length: 15 hrs and 31 mins
183,Developing the Leader Within You 2.0,John C. Maxwell,Length: 7 hrs and 44 mins
184,Expert Secrets,Russell Brunson,Length: 6 hrs and 26 mins
185,Chanakya's 7 Secrets of Leadership,D. Sivanandhan,Length: 7 hrs and 23 mins
186,Nudge: The Final Edition,Richard H. Thaler,Length: 11 hrs and 33 mins
187,Kautilya Arthshastra (Hindi Edition),Chanakya,Length: 6 hrs
188,HBR's 10 Must Reads: The Essentials,Peter Ferdinand Drucker,Length: 9 hrs and 48 mins
189,Personality Isn't Permanent,Benjamin Hardy,Length: 7 hrs and 16 mins
190,NLP: The Essential Guide to Neuro-Linguistic Programming,Tom Dotz,Length: 11 hrs and 14 mins
191,The Happiness Advantage,Shawn Achor,Length: 7 hrs and 20 mins
192,Harsh Realities,Harsh Mariwala,Length: 8 hrs and 49 mins
193,Start-Up Nation,Dan Senor,Length: 8 hrs and 24 mins
194,The Digital Transformation Playbook,David L. Rogers,Length: 9 hrs and 57 mins
195,Scaling Up,Verne Harnish,Length: 8 hrs and 49 mins
196,Site Reliability Engineering,Betsy Beyer,Length: 20 hrs and 8 mins
197,How Brands Grow,Byron Sharp,Length: 6 hrs and 34 mins
198,"Unlimited Memory: How to Use Advanced Learning Strategies to Learn Faster, Remember More and be More Productive",Kevin Horsley,Length: 2 hrs and 28 mins
199,Scrum,Jeff Sutherland,Length: 6 hrs and 43 mins
200,HBR?? 10 Must Reads on Emotional Intelligence,Harvard Business Review,Length: 5 hrs and 29 mins
201,Thinking in Systems,Donella H. Meadows,Length: 6 hrs and 26 mins
202,Sprint,Jake Knapp,Length: 6 hrs and 9 mins
203,13 Things Mentally Strong People Don't Do,Amy Morin,Length: 6 hrs and 36 mins
204,Big Data: How Data Analytics Is Transforming the World,Tim Chartier,Length: 12 hrs and 41 mins
205,The Cold Start Problem,Andrew Chen,Length: 10 hrs and 28 mins
206,12 Months to $1 Million,Ryan Daniel Moran,Length: 7 hrs and 38 mins
207,Masters of Scale,Reid Hoffman,Length: 9 hrs and 52 mins
208,Switch,Chip Heath,Length: 7 hrs and 43 mins
209,Habit of Winning,Prakash Iyer,Length: 5 hrs and 21 mins
210,Traction,Gino Wickman,Length: 6 hrs and 56 mins
211,How to Win Friends and Influence People,Dale Carnegie,Length: 6 hrs and 58 mins
212,Sales Revelation,Brian Tracy,Length: 11 hrs and 56 mins
213,The Law of Success,Napoleon Hill,Length: 24 hrs and 19 mins
214,Hard Times Create Strong Men,Stefan Aarnio,Length: 16 hrs and 13 mins
215,The Rise and Fall of American Growth,Robert J. Gordon,Length: 30 hrs and 14 mins
216,Profit First,Mike Michalowicz,Length: 8 hrs and 35 mins
217,HBR's 10 Must Reads on Managing People,W. Chan Kim,Length: 8 hrs and 7 mins
218,Fanatical Prospecting,Jeb Blount,Length: 8 hrs and 21 mins
219,Blockchain Revolution,Don Tapscott,Length: 17 hrs and 53 mins
220,The Art of War,Sun Tzu,Length: 1 hr and 7 mins
221,"Change by Design, Revised and Updated",Tim Brown,Length: 7 hrs and 37 mins
222,Barking up the Wrong Tree,Eric Barker,Length: 9 hrs
223,Eat That Frog!,Brian Tracy,Length: 2 hrs and 37 mins
224,Public Speaking for Success,Dale Carnegie,Length: 15 hrs and 28 mins
225,The Four,Scott Galloway,Length: 8 hrs and 32 mins
226,Secrets to Winning at Office Politics,Marie G. McIntyre PhD,Length: 9 hrs and 10 mins
227,Product Management in Practice,Matt LeMay,Length: 5 hrs and 16 mins
228,HBR's 10 Must Reads on Leadership,Harvard Business Review,Length: 6 hrs and 18 mins
229,Think Like a Rocket Scientist,Ozan Varol,Length: 10 hrs and 44 mins
230,PMP Exam Master Prep,Scott Payne,Length: 15 hrs and 34 mins
231,Articulating Design Decisions,Tom Greever,Length: 6 hrs and 56 mins
232,Secrets of Closing the Sale,Zig Ziglar,Length: 15 hrs and 14 mins
233,The Greatest Salesman in the World,Og Mandino,Length: 2 hrs and 33 mins
234,Die Empty,Todd Henry,Length: 5 hrs and 30 mins
235,The Third Door,Alex Banayan,Length: 8 hrs and 42 mins
236,To Sell Is Human,Daniel H. Pink,Length: 6 hrs and 6 mins
237,David and Goliath,Malcolm Gladwell,Length: 7 hrs
238,The Future of Money,Eswar S. Prasad,Length: 19 hrs and 46 mins
239,The E-Myth Revisited,Michael E. Gerber,Length: 8 hrs and 5 mins
240,"Crucial Conversations, Second Edition",Kerry Patterson,Length: 6 hrs and 27 mins
241,Negotiation Genius,Deepak Malhotra,Length: 11 hrs and 58 mins
242,The Art of Public Speaking,Dale Carnegie,Length: 4 hrs and 36 mins
243,The Real Book of Real Estate,Robert T. Kiyosaki,Length: 17 hrs and 53 mins
244,Sell or Be Sold: How to Get Your Way in Business and in Life,Grant Cardone,Length: 11 hrs and 40 mins
245,Soundtracks,Jon Acuff,Length: 5 hrs and 14 mins
246,Charlie Munger,Tren Griffin,Length: 6 hrs and 21 mins
247,How to Decide,Annie Duke,Length: 6 hrs and 39 mins
248,The Manager's Path,Camille Fournier,Length: 10 hrs and 7 mins
249,Why Nations Fail,Daron Acemoglu,Length: 17 hrs and 55 mins
250,Tribe of Mentors,Tim Ferriss,Length: 18 hrs and 43 mins
251,Good Leaders Ask Great Questions,John C. Maxwell,Length: 8 hrs and 17 mins
252,Big Data in Practice,Bernard Marr,Length: 7 hrs and 25 mins
253,"Declutter Your Mind: How to Stop Worrying, Relieve Anxiety, and Eliminate Negative Thinking",S.J. Scott,Length: 3 hrs and 16 mins
254,Managing Humans,Michael Lopp,Length: 5 hrs and 39 mins
255,Team Topologies: Organizing Business and Technology Teams for Fast Flow,Matthew Skelton,Length: 6 hrs and 31 mins
256,The Unicorn Project,Gene Kim,Length: 12 hrs and 24 mins
257,The Infinite Game,Simon Sinek,Length: 6 hrs and 56 mins
258,Daring Greatly,Bren?? Brown,Length: 6 hrs and 30 mins
259,The Ultimate Sales Machine,Chet Holmes,Length: 9 hrs and 13 mins
260,Super Thinking,Gabriel Weinberg,Length: 12 hrs and 37 mins
261,Bhujia Barons,Pavitra Kumar,Length: 6 hrs and 49 mins
262,The Richest Man in Babylon,George S. Clason,Length: 3 hrs and 47 mins
263,The 33 Strategies of War,Robert Greene,Length: 10 hrs and 1 min
264,"Change Your Questions, Change Your Life",Marilee Adams,Length: 4 hrs and 43 mins
265,Big Billion Startup,Mihir Dalal,Length: 11 hrs and 23 mins
266,Dare to Lead,Bren?? Brown,Length: 8 hrs and 10 mins
267,Captivate,Vanessa Van Edwards,Length: 7 hrs and 28 mins
268,The Big Leap,Gay Hendricks,Length: 5 hrs and 27 mins
269,Super Pumped,Mike Isaac,Length: 12 hrs and 52 mins
270,The Five Dysfunctions of a Team,Patrick Lencioni,Length: 3 hrs and 42 mins
271,Influence,Robert B. Cialdini,Length: 12 hrs and 25 mins
272,Playing to Win,Roger L. Martin,Length: 7 hrs and 9 mins
273,The Quick and Easy Way to Effective Speaking,Dale Carnegie,Length: 6 hrs and 39 mins
274,Purple Cow,Seth Godin,Length: 2 hrs and 58 mins
275,The One Thing (Hindi Edition),Gary Keller,Length: 7 hrs and 28 mins
276,Let's Build a Company,Harpreet Grover,Length: 6 hrs and 6 mins
277,The Power of Self-Confidence,Brian Tracy,Length: 5 hrs and 7 mins
278,Poor Economics,Abhijit V. Banerjee,Length: 11 hrs and 30 mins
279,"The First 90 Days, Updated and Expanded",Michael Watkins,Length: 6 hrs and 58 mins
280,Grow Rich with the Power of Your Subconscious Mind,Joseph Murphy,Length: 7 hrs and 12 mins
281,Great by Choice,Morten T Hansen,Length: 8 hrs and 33 mins
282,The Mom Test,Rob Fitzpatrick,Length: 3 hrs and 50 mins
283,Made to Stick,Chip Heath,Length: 8 hrs and 37 mins
284,No Filter,Sarah Frier,Length: 11 hrs and 20 mins
285,The Gap and the Gain,Dan Sullivan,Length: 5 hrs and 58 mins
286,Be Obsessed or Be Average,Grant Cardone,Length: 11 hrs and 4 mins
287,The Science of Getting Rich,Wallace D. Wattles,Length: 2 hrs and 25 mins
288,The Power of Moments,Chip Heath,Length: 6 hrs and 24 mins
289,Designing Your Life,Bill Burnett,Length: 6 hrs and 18 mins
290,The $100 Startup,Chris Guillebeau,Length: 8 hrs and 14 mins
291,Talking to My Daughter About the Economy,Yanis Varoufakis,Length: 4 hrs and 49 mins
292,How to Become a LinkedIn Rockstar,Chris J. Reed,Length: 5 hrs and 55 mins
293,Building a StoryBrand,Donald Miller,Length: 4 hrs and 56 mins
294,The Millionaire Real Estate Investor,Gary Keller,Length: 9 hrs and 21 mins
295,The Motivation Myth,Jeff Haden,Length: 6 hrs and 30 mins
296,Gap Selling: Getting the Customer to Yes,Keenan,Length: 5 hrs and 47 mins
297,The Presentation Secrets of Steve Jobs,Carmine Gallo,Length: 4 hrs and 17 mins
298,Billion Dollar Whale,Bradley Hope,Length: 12 hrs and 26 mins
299,Powerful Self-Confidence,Made for Success,Length: 7 hrs and 48 mins
300,Winning,Jack Welch,Length: 11 hrs and 23 mins
301,You Can Win,Shiv Khera,Length: 9 hrs and 15 mins
302,Chanakya and the Art of Getting Rich,Radhakrishnan Pillai,Length: 4 hrs and 41 mins
303,Thinking in Bets,Annie Duke,Length: 6 hrs and 50 mins
304,How to F--k Up Your Startup,Kim Hvidkjaer,Length: 8 hrs and 51 mins
305,Behind the Cloud,Marc Benioff,Length: 7 hrs and 54 mins
306,How Women Rise,Sally Helgesen,Length: 7 hrs and 6 mins
307,Misbehaving,Richard H. Thaler,Length: 13 hrs and 35 mins
308,The Fearless Organization,Amy C. Edmondson,Length: 6 hrs and 43 mins
309,"The Great Game of Business, Expanded and Updated",Jack Stack,Length: 7 hrs and 7 mins
310,Sawal Hi Jawab Hai,Allan Pease,Length: 2 hrs and 30 mins
311,Building Social Business,Muhammad Yunus,Length: 8 hrs and 28 mins
312,The Warren Buffett Way,Robert Hagstrom,Length: 10 hrs and 31 mins
313,Harvard Business Review Manager's Handbook,Harvard Business Review,Length: 9 hrs and 41 mins
314,Unscripted: The Great Rat-Race Escape,MJ DeMarco,Length: 16 hrs and 27 mins
315,How to Avoid a Climate Disaster,Bill Gates,Length: 7 hrs and 11 mins
316,The Raging 2020s,Alec Ross,Length: 9 hrs and 23 mins
317,University of Berkshire Hathaway,Daniel Pecaut,Length: 12 hrs and 21 mins
318,The Bitcoin Standard,Saifedean Ammous,Length: 11 hrs and 16 mins
319,The Outsiders,William N. Thorndike,Length: 5 hrs and 52 mins
320,Obviously Awesome,April Dunford,Length: 3 hrs and 31 mins
321,30 Days to a More Powerful Vocabulary,Dan Strutzel,Length: 7 hrs and 48 mins
322,The Book of Investing Wisdom,Warren E. Buffett,Length: 2 hrs and 59 mins
323,The Daily Trading Coach,Brett N. Steenbarger,Length: 14 hrs and 21 mins
324,Delivering Happiness,Tony Hsieh,Length: 8 hrs and 17 mins
325,Triggers,Marshall Goldsmith,Length: 6 hrs and 36 mins
326,Loonshots,Safi Bahcall,Length: 10 hrs and 14 mins
327,Dream With Your Eyes Open,Ronnie Screwvala,Length: 7 hrs and 19 mins
328,The 80/20 Principle,Richard Koch,Length: 6 hrs and 47 mins
329,The Fine Art of Small Talk,Debra Fine,Length: 3 hrs and 37 mins
330,The Signal and the Noise,Nate Silver,Length: 16 hrs and 21 mins
331,Rule #1,Phil Town,Length: 11 hrs and 29 mins
332,The Confident Mind,Nathaniel Zinsser,Length: 10 hrs and 34 mins
333,Flawless Consulting,Peter Block,Length: 9 hrs and 21 mins
334,Cracked It!,Bernard Garrette,Length: 10 hrs and 38 mins
335,Dotcom Secrets,Russell Brunson,Length: 6 hrs and 39 mins
336,The Compound Effect,Darren Hardy,Length: 4 hrs and 44 mins
337,Traffic Secrets,Russell Brunson,Length: 6 hrs and 58 mins
338,What Every BODY Is Saying,Joe Navarro,Length: 7 hrs and 19 mins
339,"Fast, Cheap & Viral",Aashish Chopra,Length: 4 hrs and 22 mins
340,Launch (Updated & Expanded Edition),Jeff Walker,Length: 9 hrs and 12 mins
341,Illogical,Emmanuel Acho,Length: 4 hrs and 25 mins
342,Subscribed,Tien Tzuo,Length: 7 hrs and 41 mins
343,The Psychology of Selling,Brian Tracy,Length: 5 hrs and 19 mins
344,HBR's 10 Must Reads on Strategic Marketing,Harvard Business Review,Length: 6 hrs and 47 mins
345,HBR's 10 Must Reads on Negotiation,Harvard Business Review,Length: 5 hrs and 50 mins
346,"If You're Not First, You're Last",Grant Cardone,Length: 7 hrs and 47 mins
347,The Culture Code,Daniel Coyle,Length: 6 hrs and 44 mins
348,"Multipliers, Revised and Updated",Liz Wiseman,Length: 11 hrs and 24 mins
349,Leadership,Doris Kearns Goodwin,Length: 18 hrs and 4 mins
350,Pour Your Heart into It,Howard Schultz,Length: 2 hrs and 55 mins
351,HBR's 10 Must Reads on Making Smart Decisions,Ram Charan,Length: 6 hrs and 24 mins
352,"Venture Deals, 4th Edition",Brad Feld,Length: 11 hrs and 4 mins
353,The HeART of Laser-Focused Coaching,Marion Franklin,Length: 11 hrs and 7 mins
354,The Untethered Soul at Work,Michael A. Singer,Length: 2 hrs and 17 mins
355,Superforecasting,Philip Tetlock,Length: 9 hrs and 45 mins
356,HBR's 10 Must Reads for New Managers,Harvard Business Review,Length: 6 hrs and 34 mins
357,Caffeine,Michael Pollan,Length: 2 hrs and 2 mins
358,The Road Less Stupid,Keith J. Cunningham,Length: 11 hrs and 32 mins
359,Exponential Organizations,Salim Ismail,Length: 11 hrs and 11 mins
360,The Founder's Dilemmas,Noam Wasserman,Length: 13 hrs and 28 mins
361,The Art of Closing the Sale,Brian Tracy,Length: 4 hrs and 26 mins
362,This Is Marketing,Seth Godin,Length: 7 hrs and 2 mins
363,"Coaching Agile Teams: A Companion for ScrumMasters, Agile Coaches, and Project Managers in Transition",Lyssa Adkins,Length: 13 hrs and 57 mins
364,Leaders Eat Last,Simon Sinek,Length: 9 hrs and 23 mins
365,Common Stocks and Uncommon Profits,Philip A. Fisher,Length: 2 hrs and 55 mins
366,Flash Boys,Michael Lewis,Length: 10 hrs and 13 mins
367,Expert Secrets,Russell Brunson,Length: 6 hrs and 11 mins
368,High Performance Habits,Brendon Burchard,Length: 10 hrs and 35 mins
369,Oversubscribed,Daniel Priestley,Length: 5 hrs and 12 mins
370,Getting Work Done,Harvard Business Review,Length: 1 hr and 8 mins
371,The 1-Page Marketing Plan,Allan Dib,Length: 6 hrs and 32 mins
372,The Entrepreneur Roller Coaster,Darren Hardy,Length: 7 hrs and 8 mins
373,Blue Ocean Strategy,W. Chan Kim,Length: 6 hrs and 27 mins
374,The Seven Spiritual Laws of Success,Deepak Chopra MD,Length: 1 hr and 26 mins
375,Everybody Writes,Ann Handley,Length: 8 hrs and 44 mins
376,Power Phone Scripts,Mike Brooks,Length: 8 hrs and 44 mins
377,How to Talk to Anyone at Work,Leil Lowndes,Length: 6 hrs and 17 mins
378,Negotiate This!,Herb Cohen,Length: 9 hrs and 47 mins
379,Magnetic Marketing,Dan S. Kennedy,Length: 3 hrs and 53 mins
380,One Small Step Can Change Your Life,Dr. Robert Maurer,Length: 7 hrs and 17 mins
381,Unleash the Power of Storytelling,Rob Biesenbach,Length: 3 hrs and 10 mins
382,The 50th Law,Robert Greene,Length: 8 hrs and 16 mins
383,Talent Is Overrated,Geoff Colvin,Length: 8 hrs and 14 mins
384,How to Be Heard,Julian Treasure,Length: 12 hrs and 29 mins
385,The Tata Group,Shashank Shah,Length: 17 hrs and 48 mins
386,MBA Kiye Bina Seekhen Business Ke Hunar [Learn Business Skills Without Getting an MBA],Josh Kaufman,Length: 19 hrs and 17 mins
387,Business Adventures,John Brooks,Length: 16 hrs and 53 mins
388,Unscripted,MJ DeMarco,Length: 17 hrs and 33 mins
389,The 12 Week Year,Brian P. Moran,Length: 5 hrs and 17 mins
390,7 Powers,Hamilton Helmer,Length: 4 hrs and 49 mins
391,Tatalog,Harish Bhat,Length: 5 hrs and 52 mins
392,How to Win Friends and Influence People: A Condensation from the Book,Dale Carnegie,Length: 43 mins
393,Cracking the Code to a Successful Interview,Evan Pellett,Length: 2 hrs and 16 mins
394,"The Great Mental Models, Volume 2",Farnam Street,Length: 9 hrs and 3 mins
395,HBR's 10 Must Reads 2022,Harvard Business Review,Length: 6 hrs and 47 mins
396,Conversational Intelligence,Judith E. Glaser,Length: 6 hrs and 32 mins
397,A Whole New Mind,Daniel H. Pink,Length: 6 hrs and 15 mins
398,The Mind of a Consultant,Sandeep K. Krishnan,Length: 5 hrs and 35 mins
399,"The Harvard Business Review Leader's Handbook: Make an Impact, Inspire Your Organization, and Get to the Next Level",Ron Ashkenas,Length: 8 hrs and 55 mins
400,"Blue Ocean Strategy, Expanded Edition",W. Chan Kim,Length: 8 hrs and 43 mins
401,A More Beautiful Question,Warren Berger,Length: 8 hrs and 45 mins
402,Originals,Adam Grant,Length: 10 hrs and 1 min
403,The Toyota Way to Lean Leadership,Jeffrey Liker,Length: 10 hrs and 4 mins
404,Tribal Leadership,Dave Logan,Length: 10 hrs and 20 mins
405,Naked Money,Charles Wheelan,Length: 13 hrs and 11 mins
406,Tim Cook,Leander Kahney,Length: 8 hrs and 56 mins
407,Samsung Rising,Geoffrey Cain,Length: 10 hrs and 4 mins
408,China's Economy,Arthur R. Kroeber,Length: 11 hrs and 31 mins
409,Net Positive,Paul Polman,Length: 12 hrs and 17 mins
410,The Leadership Pipeline 2E,Ram Charan,Length: 9 hrs and 49 mins
411,The Art of Possibility,Rosamund Stone Zander,Length: 6 hrs and 38 mins
412,Business Maharajas,Gita Piramal,Length: 16 hrs and 5 mins
413,The Art of Seduction,Robert Greene,Length: 5 hrs and 9 mins
414,You Can Win,Shiv Khera,Length: 7 hrs and 48 mins
415,Narrative Economics,Robert J. Shiller,Length: 11 hrs and 7 mins
416,Apni Team ke Leaders ko Viksit Kaise Karen [How to Develop Your Team Leaders],John C. Maxwell,Length: 8 hrs and 57 mins
417,"Get Rich, Lucky Bitch!",Denise Duffield-Thomas,Length: 7 hrs and 5 mins
418,Bad Blood,John Carreyrou,Length: 11 hrs and 36 mins
419,The Dip,Seth Godin,Length: 1 hr and 32 mins
420,Go Pro - 7 Steps to Becoming a Network Marketing Professional,Eric Worre,Length: 2 hrs and 49 mins
421,The Organized Mind,Daniel Levitin,Length: 16 hrs and 9 mins
422,48-Hour Start-Up: From Idea to Launch in 1 Weekend,Fraser Doherty MBE,Length: 4 hrs and 52 mins
423,How I Built This,Guy Raz,Length: 10 hrs and 31 mins
424,Understanding Michael Porter,Joan Magretta,Length: 6 hrs and 4 mins
425,HBR's 10 Must Reads on Mental Toughness,Harvard Business Review,Length: 4 hrs and 30 mins
426,Quiet Leadership,David Rock,Length: 6 hrs and 57 mins
427,Who Moved My Cheese?,Dr Spencer Johnson,Length: 1 hr and 39 mins
428,Product Leadership,Richard Banfield,Length: 7 hrs and 41 mins
429,Connect the Dots,Rashmi Bansal,Length: 10 hrs and 2 mins
430,Rich Dad Advisors: ABCs of Real Estate Investing,Ken McElroy,Length: 5 hrs and 7 mins
431,Chaos Monkeys,Antonio Garcia Martinez,Length: 15 hrs and 32 mins
432,When,Daniel H. Pink,Length: 5 hrs and 47 mins
433,Smart Growth,Whitney Johnson,Length: 7 hrs and 36 mins
434,Grinding It Out,Ray Kroc,Length: 6 hrs and 58 mins
435,The Confidence Code,Katty Kay,Length: 6 hrs and 45 mins
436,Born to Win,Zig Ziglar,Length: 4 hrs and 31 mins
437,The Elephant Catchers,Subroto Bagchi,Length: 4 hrs and 58 mins
438,The Great Mental Models,Shane Parrish,Length: 3 hrs and 23 mins
439,"Nawabs, Nudes, Noodles",Ambi Parameswaran,Length: 9 hrs and 5 mins
440,Market Mind Games,Denise Shull,Length: 7 hrs and 29 mins
441,Making It All Work,David Allen,Length: 8 hrs and 33 mins
442,The Harvard Business Review Entrepreneur's Handbook,Harvard Business Review,Length: 7 hrs and 30 mins
443,Competing in the Age of AI,Marco Iansiti,Length: 9 hrs and 38 mins
444,The Talent Code,Daniel Coyle,Length: 6 hrs and 42 mins
445,Lead with a Story,Paul Smith,Length: 10 hrs and 51 mins
446,Raise Your Game,Alan Stein,Length: 7 hrs and 36 mins
447,"Digital Marketing for Business 2022, 3 Books in 1",Christopher Clarke,Length: 12 hrs and 58 mins
448,"The Anatomy of Peace, Third Edition",The Arbinger Institute,Length: 6 hrs and 33 mins
449,Critical Chain,Eliyahu M. Goldratt,Length: 7 hrs and 27 mins
450,Leadership Is Language,L. David Marquet,Length: 10 hrs and 40 mins
451,Modern Monopolies,Nicholas L. Johnson,Length: 10 hrs and 7 mins
452,Company of One,Paul Jarvis,Length: 8 hrs and 17 mins
453,"The Black Swan, Second Edition: The Impact of the Highly Improbable: With a new section: ""On Robustness and Fragility""",Nassim Nicholas Taleb,Length: 15 hrs and 48 mins
454,Your One Word,Evan Carmichael,Length: 6 hrs and 16 mins
455,Law School for Everyone,The Great Courses,Length: 25 hrs and 17 mins
456,Mastering Fear,Brandon Webb,Length: 4 hrs and 53 mins
457,"Point Made, Second Edition",Ross Guberman,Length: 8 hrs and 19 mins
458,The Law of the Garbage Truck,David J Pollay,Length: 5 hrs and 32 mins
459,Mastery,George Leonard,Length: 3 hrs and 37 mins
460,Understanding Digital Marketing,Damian Ryan,Length: 16 hrs and 1 min
461,"Change Your Thinking, Change Your Life",Brian Tracy,Length: 8 hrs and 57 mins
462,Thinking Big,Brian Tracy,Length: 6 hrs and 13 mins
463,Getting More,Stuart Diamond,Length: 16 hrs and 25 mins
464,The 15 Commitments of Conscious Leadership,Jim Dethmer,Length: 7 hrs and 53 mins
465,Customer Success,Nick Mehta,Length: 8 hrs and 25 mins
466,Systemology,David Jenyns,Length: 5 hrs and 31 mins
467,Agile Project Management for Dummies,Mark C. Layton,Length: 10 hrs and 15 mins
468,The Million-Dollar Financial Advisor,David J. Mullen Jr.,Length: 8 hrs and 24 mins
469,The End of Burnout,Jonathan Malesic,Length: 8 hrs and 4 mins
470,Talent Wins,Ram Charan,Length: 5 hrs and 21 mins
471,Summary of The 48 Laws of Power,Book Avenue,Length: 1 hr and 13 mins
472,HBR Guide to Office Politics,Harvard Business Review,Length: 4 hrs and 12 mins
473,"Change Your Questions, Change Your Life",Marilee G. Adams PhD,Length: 5 hrs and 20 mins
474,The Art of People,Dave Kerpen,Length: 5 hrs and 46 mins
475,Beyond Digital,Paul Leinwand,Length: 8 hrs and 6 mins
476,Negotiation,Brian Tracy,Length: 2 hrs and 1 min
477,Blue Ocean Shift,Renee Mauborgne,Length: 9 hrs and 47 mins
478,Alchemy,Rory Sutherland,Length: 9 hrs and 38 mins
479,PMP PMBOK Audio Study Guide!,Ralph Cybulski,Length: 5 hrs
480,HBR's 10 Must Reads 2021: The Definitive Management Ideas of the Year from Harvard Business Review,Harvard Business Review,Length: 8 hrs and 14 mins
481,Facebook,Steven Levy,Length: 18 hrs and 57 mins
482,The Pumpkin Plan,Mike Michalowicz,Length: 7 hrs and 7 mins
483,Jack,Jack Welch,Length: 13 hrs and 57 mins
484,Your Brain at Work,David Rock,Length: 9 hrs and 42 mins
485,Never Eat Alone,Keith Ferrazzi,Length: 13 hrs and 47 mins
486,The House of Morgan,Ron Chernow,Length: 34 hrs and 37 mins
487,Beyond the Goal,Eliyahu M. Goldratt,Length: 5 hrs and 47 mins
488,How to Find Fulfilling Work,Roman Krznaric,Length: 3 hrs and 48 mins
489,Creative Visualization,Shakti Gawain,Length: 3 hrs
490,My Morning Routine,Benjamin Spall,Length: 6 hrs and 41 mins
491,Everything is Figureoutable,Marie Forleo,Length: 7 hrs and 54 mins
492,Summary: The 4-Hour Workweek by Tim Ferris,Epicread,Length: 1 hr and 12 mins
493,Finance Basics,Harvard Business Review,Length: 1 hr and 10 mins
494,"How to Talk to Anybody, Anytime, Anywhere",Chris Widener,Length: 33 mins
495,The Mindbody Prescription,John E. Sarno M.D.,Length: 7 hrs and 4 mins
496,Deep Medicine,Eric Topol,Length: 11 hrs and 6 mins
497,Who Not How,Dan Sullivan,Length: 5 hrs and 24 mins
498,In the Plex,Steven Levy,Length: 19 hrs and 45 mins
499,The Copywriter's Handbook,Robert W. Bly,Length: 14 hrs and 3 mins
500,Stories at Work,Indranil Chakraborty,Length: 6 hrs and 48 mins
501,The 48 Laws of Power,Robert Greene,Length: 9 hrs and 52 mins
502,Creative Selection,Ken Kocienda,Length: 7 hrs and 28 mins
503,Matchmakers,Richard Schmalensee,Length: 6 hrs and 53 mins
504,The 22 Immutable Laws of Branding,Al Ries,Length: 8 hrs and 8 mins
505,Who Says Elephants Can't Dance?,Louis V. Gerstner Jr.,Length: 8 hrs and 29 mins
506,Think and Grow Rich,Napoleon Hill,Length: 9 hrs and 35 mins
507,Deep Purpose,Ranjay Gulati,Length: 8 hrs and 55 mins
508,The Adweek Copywriting Handbook,Joseph Sugarman,Length: 11 hrs and 9 mins
509,The Fundable Startup,Fred M. Haney PhD,Length: 9 hrs and 11 mins
510,Side Hustle,Chris Guillebeau,Length: 4 hrs and 48 mins
511,AC/DC,Tom McNichol,Length: 6 hrs and 28 mins
512,Vocal Power,Roger Love,Length: 6 hrs and 44 mins
513,Romancing the Balance Sheet,Anil Lamba,Length: 5 hrs and 27 mins
514,The Ultimate Self-Discipline Library,Larry Winget,Length: 10 hrs and 49 mins
515,The Win Without Pitching Manifesto,Blair Enns,Length: 2 hrs and 30 mins
516,168 Hours,Laura Vanderkam,Length: 7 hrs and 48 mins
517,Seeing Like a State,James C. Scott,Length: 16 hrs and 6 mins
518,#Maxout Your Life,Ed Mylett,Length: 1 hr and 25 mins
519,On Writing Well: Audio Collection,William Zinsser,Length: 2 hrs and 23 mins
520,Empowered,Marty Cagan,Length: 11 hrs and 9 mins
521,The Storyteller's Secret,Carmine Gallo,Length: 8 hrs and 14 mins
522,The Art of War for Women,Chin-Ning Chu,Length: 5 hrs and 54 mins
523,Big Mistakes,Michael Batnick,Length: 6 hrs and 13 mins
524,Accelerate: Building and Scaling High Performing Technology Organizations,Nicole Forsgren PhD,Length: 4 hrs and 58 mins
525,"The Tools of Argument: How the Best Lawyers Think, Argue, and Win",Joel P. Trachtman,Length: 6 hrs and 58 mins
526,Coders at Work,Peter Seibel,Length: 20 hrs and 52 mins
527,Algorithms at Work,,
528,Think Like a Billionaire,James Altucher,Length: 16 hrs and 14 mins
529,Coaching,Ruchira Chaudhary,Length: 13 hrs and 23 mins
530,"Coaching for Performance, Fourth Edition",John Whitmore,Length: 7 hrs and 1 min
531,21 Success Secrets of Self-Made Millionaires,Brian Tracy,Length: 1 hr and 12 mins
532,Working with Emotional Intelligence,Daniel Goleman,Length: 3 hrs and 24 mins
533,The Long Game,Dorie Clark,Length: 5 hrs and 23 mins
534,Radically Human,Paul Daugherty,Length: 9 hrs and 28 mins
535,A World Without Email,Cal Newport,Length: 9 hrs and 16 mins
536,Principles by Ray Dalio - Book Summary,Dean Bokhari,Length: 28 mins
537,Genius Makers,Cade Metz,Length: 9 hrs and 59 mins
538,Set Your Voice Free,Roger Love,Length: 12 hrs and 41 mins
539,Product Management for Dummies,Brian Lawley,Length: 12 hrs and 54 mins
540,Millionaire Success Habits,Dean Graziosi,Length: 8 hrs and 13 mins
541,The Smartest Guys in the Room,Bethany McLean,Length: 20 hrs and 19 mins
542,Liminal Thinking,Dave Gray,Length: 3 hrs and 9 mins
543,The Billion Dollar Secret,Rafael Badziag,Length: 10 hrs and 24 mins
544,Woice with Warikoo Podcast,,
545,Unofficial Sources,,
546,Economics in Two Lessons,John Quiggin,Length: 10 hrs and 56 mins
547,The Book on Rental Property Investing,Brandon Turner,Length: 11 hrs and 38 mins
548,Executive Presence,Sylvia Ann Hewlett,Length: 6 hrs and 17 mins
549,"Think Fast, Talk Smart: Communication Techniques",,
550,The Closer's Survival Guide - Third Edition,Grant Cardone,Length: 5 hrs and 33 mins
551,Time Management,Brian Tracy,Length: 2 hrs and 4 mins
552,The High-Potential Leader,Ram Charan,Length: 5 hrs and 48 mins
553,Why 'A' Students Work for 'C' Students and 'B' Students Work for the Government,Robert T. Kiyosaki,Length: 11 hrs and 5 mins
554,Words That Change Minds,Shelle Rose Charvet,Length: 9 hrs and 58 mins
555,Show Me the Money,,
556,"Coach the Person, Not the Problem",Marcia Reynolds,Length: 5 hrs and 13 mins
557,Get Better at Getting Better,Chandramouli Venkatesan,Length: 6 hrs and 5 mins
558,Bulletproof Problem Solving,Charles Conn,Length: 7 hrs and 34 mins
559,English Grammar Rules 101,Melony Jacobs,Length: 3 hrs and 27 mins
560,Primal Leadership,Daniel Goleman,Length: 8 hrs and 36 mins
561,Delegating Work,Harvard Business Review,Length: 1 hr and 1 min
562,An Unsuitable Boy,Karan Johar,Length: 8 hrs and 39 mins
563,Clockwork,Mike Michalowicz,Length: 7 hrs and 30 mins
564,The Advantage,Patrick Lencioni,Length: 5 hrs and 25 mins
565,The Steve Jobs Way,Jay Elliot,Length: 6 hrs and 50 mins
566,Masters of Business,,
567,How to Have Confidence and Power in Dealing with People,Les Giblin,Length: 4 hrs and 39 mins
568,Consulting 101: So You Want to Be a Consultant?,Professor Allison Friederichs Atkison,Length: 5 hrs and 8 mins
569,The Big Three in Economics,Mark Skousen,Length: 9 hrs and 6 mins
570,Lean Analytics,Alistair Croll,Length: 12 hrs and 47 mins
571,PMP Exam Prep: Scenario and Knowledge Based Questions and Answers: Based on PMBOK Guide 6th Edition,Andrew Ramdayal,Length: 6 hrs and 49 mins
572,Capital and Ideology,Thomas Piketty,Length: 48 hrs and 57 mins
573,Power Negotiating for Sales People,Roger Dawson,Length: 6 hrs and 36 mins
574,Supply Chain Management for Dummies,Daniel Stanton,Length: 13 hrs and 48 mins
575,Pandeymonium,Piyush Pandey,Length: 6 hrs and 8 mins
576,Innovation and Entrepreneurship,Peter F. Drucker,Length: 9 hrs and 31 mins
577,Tribes,Seth Godin,Length: 3 hrs and 42 mins
578,Finish,Jon Acuff,Length: 4 hrs and 58 mins
579,Lean UX: Designing Great Products with Agile Teams (Second Edition),Jeff Gothelf,Length: 4 hrs and 56 mins
580,The Sales Acceleration Formula,Mark Roberge,Length: 6 hrs and 24 mins
581,Mini Habits,Stephen Guise,Length: 3 hrs and 40 mins
582,21 Great Ways to Start and Build Your Own Successful Business,Brian Tracy,Length: 1 hr and 9 mins
583,The Start Up of You,Reid Hoffman,Length: 6 hrs and 41 mins
584,Dream With Your Eyes Open,,
585,Thrive,Arianna Huffington,Length: 9 hrs and 54 mins
586,The Language of Sales,Tom Hopkins,Length: 5 hrs and 26 mins
587,10 Skills for Effective Business Communication,Jessica Higgins JD MBA BB,Length: 3 hrs and 15 mins
588,Qualitative Research,Sharan B. Merriam,Length: 11 hrs and 1 min
589,Conversationally Speaking,Alan Garner,Length: 4 hrs and 12 mins
590,Summary of Principles: Life and Work,In a Nutshell Publishing,Length: 56 mins
591,The Chief Financial Officer,Jason Karaian,Length: 4 hrs and 30 mins
592,The Complete Software Developer's Career Guide,John Sonmez,Length: 20 hrs and 4 mins
593,Delegation & Supervision,Brian Tracy,Length: 2 hrs and 9 mins
594,"Trust Me, I'm Lying",Ryan Holiday,Length: 6 hrs and 25 mins
595,The New Megatrends,Marian Salzman,Length: 9 hrs and 57 mins
596,100 Side Hustles,Chris Guillebeau,Length: 7 hrs and 34 mins
597,Disciplined Entrepreneurship,Bill Aulet,Length: 7 hrs and 19 mins
598,Digital Transformation,Thomas M. Siebel,Length: 9 hrs and 8 mins
599,Nine Lies About Work,Marcus Buckingham,Length: 8 hrs and 53 mins
600,Learning Agile,Andrew Stellman,Length: 15 hrs and 4 mins
601,Marketing: A Guide to the Fundamentals,Patrick Forsyth,Length: 8 hrs and 1 min
602,The Story Factor,Annette Simmons,Length: 12 hrs and 40 mins
603,Anthro-Vision,Gillian Tett,Length: 10 hrs and 41 mins
604,An Elegant Puzzle: Systems of Engineering Management,Will Larson,Length: 6 hrs and 36 mins
605,The Art of Conjuring Alternate Realities,Shivam Shankar Singh,Length: 9 hrs and 50 mins
606,The Art of Gathering,Priya Parker,Length: 9 hrs and 21 mins
607,Influencer,Kerry Patterson,Length: 8 hrs and 37 mins
608,The Truth About the Drug Companies,Marcia Angell,Length: 7 hrs and 14 mins
609,The Big Store,Donald Katz,Length: 30 hrs and 4 mins
610,The Complete Book of Five Rings,Miyamoto Musashi,Length: 5 hrs and 3 mins
611,Growth,Vaclav Smil,Length: 26 hrs and 15 mins
612,The Membership Economy,Robbie Kellman Baxter,Length: 8 hrs and 12 mins
613,Peak Performance,Brad Stulberg,Length: 6 hrs and 34 mins
614,The Art of Less Doing,Ari Meisel,Length: 2 hrs and 46 mins
615,The Outward Mindset,The Arbinger Institute,Length: 4 hrs and 22 mins
616,Marketing Made Simple,Donald Miller,Length: 4 hrs and 19 mins
617,Built to Sell,John Warrillow,Length: 4 hrs and 24 mins
618,Influence Is Your Superpower,Zoe Chance,Length: 7 hrs and 10 mins
619,The Boston Consulting Group on Strategy,Carl W. Stern - editor,Length: 17 hrs and 12 mins
620,Managing Projects,Harvard Business Review,Length: 1 hr and 11 mins
621,The Effective Manager Series,Brian Tracy,Length: 12 hrs and 21 mins
622,Ego Free Leadership,Brandon Black,Length: 7 hrs and 27 mins
623,The School of Greatness,Lewis Howes,Length: 6 hrs and 39 mins
624,"The Attractor Factor, 2nd Edition",Joe Vitale,Length: 6 hrs and 42 mins
625,Nice Girls Don't Get the Corner Office (10th Anniversary Edition),Lois P. Frankel,Length: 8 hrs and 51 mins
626,Cracking the Tech Career,Gayle Laakman McDowell,Length: 9 hrs and 6 mins
627,Ruthless Consistency,Michael Canic,Length: 6 hrs and 11 mins
628,The Startup Owner's Manual,Steve Blank,Length: 12 hrs and 59 mins
629,Prediction Machines,Ajay Agrawal,Length: 7 hrs and 50 mins
630,Napoleon Hill's Golden Rules,Napoleon Hill,Length: 6 hrs and 57 mins
631,Creating Business Plans,Harvard Business Review,Length: 1 hr and 40 mins
632,How to Be a Power Connector,Judy Robinett,Length: 8 hrs and 7 mins
633,Winning on Purpose,Fred Reichheld,Length: 8 hrs and 37 mins
634,Aatmvishwas Safalta Ka Aadhar [Confidence Is the Basis of Success],Kailash Gupta,Length: 7 hrs and 14 mins
635,Titan,Vinay Kamath,Length: 7 hrs
636,The 9 Types of Leadership,Beatrice Chestnut PhD,Length: 13 hrs and 40 mins
637,Differentiate or Die,Jack Trout,Length: 6 hrs and 18 mins
638,The Art of Innovation,Tom Kelley,Length: 8 hrs and 56 mins
639,The Productive Power of Lists,Paula Rizzo,Length: 35 mins
640,Managing Oneself,Peter F. Drucker,Length: 44 mins
641,Discover Your True North,Bill George,Length: 10 hrs and 3 mins
642,The Irresistible Introvert,Michaela Chung,Length: 6 hrs and 39 mins
643,How to Think Like a CEO,D.A. Benton,Length: 3 hrs and 2 mins
644,The Innovation Ultimatum,Steve Brown,Length: 10 hrs and 54 mins
645,Arrive and Thrive,Susan MacKenty Brady,Length: 6 hrs and 28 mins
646,Do You Talk Funny?,David Nihill,Length: 4 hrs and 12 mins
647,The 7 Principles of Public Speaking,Richard Zeoli,Length: 5 hrs
648,Nudge,Richard H. Thaler,Length: 10 hrs and 35 mins
649,Maximum Achievement,Brian Tracy,Length: 13 hrs and 25 mins
650,Startup CEO,Matt Blumberg,Length: 16 hrs and 36 mins
651,Focus,Stephen R. Covey,Length: 3 hrs and 10 mins
652,The Algebra of Happiness,Scott Galloway,Length: 3 hrs and 35 mins
653,It Doesn?? Have to Be Crazy at Work,Jason Fried,Length: 3 hrs and 18 mins
654,The Dichotomy of Leadership,Jocko Willink,Length: 10 hrs and 34 mins
655,Project to Product: How to Survive and Thrive in the Age of Digital Disruption with the Flow Framework,Mik Kersten,Length: 6 hrs and 59 mins
656,The Book on Investing In Real Estate with No (and Low) Money Down,Brandon Turner,Length: 5 hrs and 33 mins
657,Oversubscribed,Daniel Priestley,Length: 6 hrs and 33 mins
658,An Effective Life,Stephen R. Covey,Length: 54 mins
659,How Life Imitates Chess,Garry Kasparov,Length: 6 hrs and 41 mins
660,Superfans,Pat Flynn,Length: 5 hrs and 2 mins
661,The Thank You Economy,Gary Vaynerchuk,Length: 5 hrs and 41 mins
662,How to Win Any Argument,Robert Mayer,Length: 3 hrs and 47 mins
663,The Little Book of Currency Trading,Kathy Lien,Length: 4 hrs and 33 mins
664,High Growth Handbook,Elad Gil,Length: 12 hrs and 26 mins
665,The Innovation Stack,Jim McKelvey,Length: 6 hrs and 23 mins
666,It's Your Ship,D. Michael Abrashoff,Length: 6 hrs and 24 mins
667,"Humour, Seriously",Jennifer Aaker,Length: 6 hrs and 5 mins
668,Managing Up,Harvard Business Review,Length: 46 mins
669,The Nuclear Effect,Scott Oldford,Length: 6 hrs and 3 mins
670,The Art of the Start 2.0,Guy Kawasaki,Length: 8 hrs and 43 mins
671,Unlearn,Barry O'Reilly,Length: 7 hrs and 13 mins
672,The Silva Mind Control Method for Business Managers,Robert B. Stone,Length: 7 hrs and 29 mins
673,McKinsey Mind,Ethan M. Rasiel,Length: 5 hrs and 13 mins
674,The Millionaire Real Estate Agent,Gary Keller,Length: 11 hrs and 4 mins
675,Content Inc.: Completely Updated and Expanded Second Edition,Joe Pulizzi,Length: 7 hrs and 25 mins
676,Competing in the New World of Work,Keith Ferrazzi,Length: 7 hrs and 41 mins
677,Million Dollar Consulting (Fifth Edition),Alan Weiss,Length: 6 hrs and 21 mins
678,Negotiation as a Martial Art,Cash Nickerson,Length: 4 hrs and 53 mins
679,How to Sell Your Way Through Life,Napoleon Hill,Length: 10 hrs and 54 mins
680,The Right Choice,Shiv Shivakumar,Length: 7 hrs and 24 mins
681,Thinking Big,Zig Ziglar,Length: 13 hrs and 6 mins
682,The Myth of Private Equity,Jeffrey C. Hooke,Length: 6 hrs and 20 mins
683,Anything You Want,Derek Sivers,Length: 1 hr and 30 mins
684,Own Your Past Change Your Future,Dr. John Delony,Length: 6 hrs and 47 mins
685,To Sell Is Human,Daniel H. Pink,Length: 6 hrs and 6 mins
686,Aatmvishwas Ki Poonji,Swett Marden,Length: 5 hrs and 27 mins
687,The Model Thinker,Scott E. Page,Length: 15 hrs and 45 mins
688,Homeless to Billionaire,Andres Pira,Length: 4 hrs and 42 mins
689,Sustain Your Game,Alan Stein,Length: 8 hrs and 26 mins
690,Emotion by Design,Greg Hoffman,Length: 9 hrs and 1 min
691,The McKinsey Edge,Shu Hattori,Length: 5 hrs and 30 mins
692,"Speak with No Fear: Go from a Nervous, Nauseated, and Sweaty Speaker to an Excited, Energized, and Passionate Presenter",Mike Acker,Length: 2 hrs and 49 mins
693,Sales EQ,Jeb Blount,Length: 9 hrs and 2 mins
694,HBR's 10 Must Reads on Entrepreneurship and Startups,Harvard Business Review,Length: 5 hrs and 13 mins
695,Knowledge and Decisions,Thomas Sowell,Length: 20 hrs and 53 mins
696,Make No Small Plans,Elliott Bisnow,Length: 7 hrs and 18 mins
697,DeFi and the Future of Finance,Campbell R. Harvey,Length: 3 hrs and 54 mins
698,Managing Time,Harvard Business Review,Length: 58 mins
699,The Winning Attitude,Jeff Keller,Length: 6 hrs and 52 mins
700,Smart Choices,John S. Hammond,Length: 6 hrs and 40 mins
701,The Mindful Athlete,George Mumford,Length: 4 hrs and 50 mins
702,Business Wars,,
703,Life After Google,George Gilder,Length: 9 hrs and 38 mins
704,Think Big,Professor Grace Lordan,Length: 7 hrs and 35 mins
705,Achcha Insaan Safal Vijeta Kaise Banein,Shashikant Sadaiv,Length: 7 hrs and 49 mins
706,"Manage Your Energy, Not Your Time",Tony Schwartz,Length: 31 mins
707,A marca da vit??ria [Shoe Dog],Phil Knight,Length: 15 hrs and 17 mins
708,Perennial Seller,Ryan Holiday,Length: 7 hrs
709,Holacracy,Brian J. Robertson,Length: 4 hrs and 57 mins
710,The Eyeopener Series,,
711,Thinkertoys,Michael Michalko,Length: 14 hrs and 12 mins
712,Declutter Your Mind,S.J. Scott,Length: 3 hrs and 16 mins
713,Programming Interviews for Dummies,John Sonmez,Length: 7 hrs and 26 mins
714,Hypnotic Writing,Joe Vitale,Length: 6 hrs and 24 mins
715,Get Your Startup Story Straight,David Riemer,Length: 4 hrs and 35 mins
716,Startupland,Mikkel Svane,Length: 5 hrs and 20 mins
717,21 Days to Become a Money Magnet,Marie-Claire Carlyle,Length: 2 hrs and 58 mins
718,The Go-Giver,Bob Burg,Length: 2 hrs and 54 mins
719,How to Get Rich,Felix Dennis,Length: 9 hrs and 53 mins
720,The Trusted Advisor,David H. Maister,Length: 10 hrs and 38 mins
721,Ambitious Like a Mother,Lara Bazelon,Length: 8 hrs and 21 mins
722,Access Rules,Viktor Mayer-Sch??nberger,Length: 5 hrs and 52 mins
723,The Memo by Howard Marks,,
724,Venture Deals,Jason Mendelson,Length: 7 hrs and 19 mins
725,The Success Principles for Teens,Jack Canfield,Length: 10 hrs and 6 mins
726,Thriving,Wayne Visser,Length: 11 hrs and 8 mins
727,"Influence Without Authority, 3rd Edition",David L. Bradford,Length: 12 hrs and 5 mins
728,Overcoming the Five Dysfunctions of a Team,Patrick Lencioni,Length: 3 hrs and 30 mins
729,Hybrid Workplace,Harvard Business Review,Length: 3 hrs and 2 mins
730,The Art of Strategy,Barry J. Nalebuff,Length: 17 hrs and 2 mins
731,HBR's 10 Must Reads on Sales,Harvard Business Review,Length: 5 hrs and 48 mins
732,See You at the Top 25th Anniversary,Zig Ziglar,Length: 4 hrs and 53 mins
733,The Hidden Factor: Why Thinking Differently Is Your Greatest Asset,Scott E. Page,Length: 11 hrs and 52 mins
734,The Courage Playbook,Gus Lee,Length: 9 hrs and 37 mins
735,The Google Resume,Gayle Laakmann McDowell,Length: 8 hrs and 8 mins
736,Trump: The Art of the Deal,Donald J. Trump,Length: 9 hrs and 59 mins
737,The Most Successful Small Business in the World,Michael E. Gerber,Length: 4 hrs and 43 mins
738,Reinventing You,Dorie Clark,Length: 5 hrs and 33 mins
739,No Hard Feelings,Liz Fosslien,Length: 4 hrs and 47 mins
740,A World Without Work,Daniel Susskind,Length: 9 hrs and 56 mins
741,The Art of Choosing,Sheena Iyengar,Length: 10 hrs and 32 mins
742,The Art of Insubordination,Todd B. Kashdan,Length: 6 hrs and 28 mins
743,The Power of Less,Leo Babauta,Length: 3 hrs and 54 mins
744,Get That Job! The Quick and Complete Guide to a Winning Interview,Thea Kelley,Length: 4 hrs and 8 mins
745,The Real Business of Blockchain,David Furlonger,Length: 7 hrs and 45 mins
746,Compassionate Leadership,Rasmus Hougaard,Length: 6 hrs and 59 mins
747,Harvard Business Review Emotional Intelligence Collection,Harvard Business Review,Length: 8 hrs and 1 min
748,The Upstarts,Brad Stone,Length: 10 hrs and 42 mins
749,The Founder's Mentality,James Allen,Length: 6 hrs and 38 mins
750,Think Again - Die Kraft des flexiblen Denkens,Adam Grant,Length: 8 hrs and 8 mins
751,You Can't Teach a Kid to Ride a Bike at a Seminar,David Mattson - foreword,Length: 8 hrs and 23 mins
752,Stealing the Corner Office,Brendan Reid,Length: 5 hrs and 44 mins
753,Managing Up,Mary Abbajay,Length: 7 hrs and 19 mins
754,Toyota Kata,Mike Rother,Length: 7 hrs and 16 mins
755,HBR's 10 Must Reads on Reinventing HR,Harvard Business Review,Length: 6 hrs and 14 mins
756,Big Potential,Shawn Achor,Length: 6 hrs and 35 mins
757,Overcoming Top Sales Objections,Made for Success,Length: 3 hrs and 12 mins
758,Radical Focus (Second Edition),Christina Wodtke,Length: 6 hrs and 20 mins
759,Success Habits,Napoleon Hill,Length: 5 hrs and 53 mins
760,The 15 Invaluable Laws of Growth,John C. Maxwell,Length: 7 hrs and 52 mins
761,Mindshift,Barbara Oakley PhD,Length: 9 hrs and 50 mins
762,Scientific Advertising,Claude C Hopkins,Length: 2 hrs and 4 mins
763,Drawing on Courage,Ashish Goel,Length: 2 hrs and 48 mins
764,The Revenue Acceleration Playbook,Brent Keltner,Length: 9 hrs and 29 mins
765,The Art of War,Sun Tzu,Length: 1 hr and 46 mins
766,The People Part,Annie Hyman Pratt,Length: 8 hrs and 26 mins
767,Confessions of the Pricing Man,Hermann Simon,Length: 10 hrs and 21 mins
768,The Great CEO Within,Matt Mochary,Length: 5 hrs
769,HBR Guide to Being a Great Boss,Harvard Business Review,Length: 5 hrs and 36 mins
770,NFT (Non Fungible Tokens) Guide,NFT Trending Crypto Art,Length: 3 hrs and 34 mins
771,The Man Who Mistook His Job for His Life,Naomi Shragai,Length: 8 hrs and 45 mins
772,NLP: The Essential Handbook for Business,Jeremy Lazarus,Length: 6 hrs and 49 mins
773,Coaching for Leadership,Marshall Goldsmith,Length: 11 hrs and 37 mins
774,The Small BIG,Noah Goldstein,Length: 7 hrs and 30 mins
775,Creating a World Without Poverty,Muhammad Yunus,Length: 10 hrs and 14 mins
776,The Success Sutra,Devdutt Pattanaik,Length: 4 hrs and 9 mins
777,Jerks at Work,Tessa West,Length: 6 hrs and 26 mins
778,Leadership and the New Science,Margaret Wheatley,Length: 6 hrs and 48 mins
779,Re-Imagine!,Tom Peters,Length: 8 hrs and 18 mins
780,Comportamento ideal em vendas [Ideal Sales Behavior],Erik Guttmann,Length: 6 hrs and 34 mins
781,Dar e receber [Give and Take],Adam Grant,Length: 13 hrs and 29 mins
782,Braunes Erbe,David De Jong,Length: 15 hrs and 25 mins
783,Doing It All as a Solo Parent,Harvard Business Review,Length: 3 hrs and 5 mins
784,????????????????????,?????????????,https://m.media-amazon.com/images/I/41j9Vewni-L._SL500_.jpg
785,????'????????????????????????????,????????,Length: 7 hrs and 34 mins
786,Social Media Marketing for Business 2022,Allan Miller,Length: 13 hrs and 42 mins
787,Law School for Everyone: Contracts,David Horton,Length: 6 hrs and 30 mins
788,Brand Activism,Christian Sarkar,Length: 9 hrs and 25 mins
789,Unprecedented,Steve Mayer - editor,Length: 19 hrs and 39 mins
790,Networking Like a Pro,Ivan Misner PhD,Length: 6 hrs and 21 mins
791,Business adventures. Il ??tait une fois au pays de Wall Street,John Brooks,Length: 16 hrs and 26 mins
792,Go-Givers Sell More,Bob Burg,Length: 3 hrs and 47 mins
793,Executive Presence,Shital Kakkar Mehra,Length: 9 hrs and 25 mins
794,Leading Change,John P. Kotter,Length: 6 hrs and 34 mins
795,Operations Management for Dummies,Mary Ann Anderson,Length: 13 hrs and 55 mins
796,Where Good Ideas Come From,Steven Johnson,Length: 7 hrs and 10 mins
797,Seed Money,Bartow J. Elmore,Length: 10 hrs and 16 mins
798,Stop Playing Safe,Margie Warrell,Length: 6 hrs and 48 mins
799,The Worth of Water,Gary White,Length: 4 hrs and 44 mins
800,The Toyota Way,Jeffrey K. Liker,Length: 4 hrs and 36 mins
801,Methods of Persuasion,Nick Kolenda,Length: 6 hrs and 6 mins
802,"How To Sell, Sell, Sell, and Smash Targets Every Month",Mike Le Put,Length: 5 hrs and 11 mins
803,From Paycheck to Purpose,Ken Coleman,Length: 6 hrs and 4 mins
804,Will It Fly? How to Test Your Next Business Idea So You Don't Waste Your Time and Money,Pat Flynn,Length: 6 hrs and 23 mins
805,Pick Up the Phone and Sell,Alex Goldfayn,Length: 4 hrs and 30 mins
806,Out of the Maze,Dr Spencer Johnson,Length: 1 hr and 22 mins
807,Converted,Neil Hoyne,Length: 3 hrs and 19 mins
808,The Gladiator Mindset,Adam Peaty,Length: 4 hrs and 54 mins
809,The Heart of Leadership,Mark Miller,Length: 2 hrs and 50 mins
810,Buy Signals Sell Signals: Strategic Stock Market Entries and Exits,Steve Burns,Length: 1 hr and 48 mins
811,Advanced Selling Strategies,Brian Tracy,Length: 15 hrs and 34 mins
812,"Write It Down, Make It Happen",Henriette Anne Klauser,Length: 5 hrs and 36 mins
813,Gym Launch Secrets,Alex Hormozi,Length: 6 hrs and 43 mins
814,Simply Said,Jay Sullivan,Length: 5 hrs and 46 mins
815,Business Secrets from the Bible,Daniel Lapin,Length: 11 hrs and 29 mins
816,Grand Transitions,Vaclav Smil,Length: 16 hrs and 15 mins
817,Follow the Leader - a Collection of the Best Lectures on Leadership,Simon Sinek,Length: 2 hrs and 43 mins
818,How Clients Buy,Tom McMakin,Length: 6 hrs and 34 mins
819,Agile Leadership,Alex Campbell,Length: 1 hr and 30 mins
820,HBR's 10 Must Reads for CEOs,Harvard Business Review,Length: 8 hrs and 43 mins
821,HBR's 10 Must Reads on Public Speaking and Presenting,Harvard Business Review,Length: 5 hrs and 16 mins
822,The Dale Carnegie Leadership Mastery Course,Dale Carnegie,Length: 5 hrs and 45 mins
823,How to Talk to Absolutely Anyone,Mark Rhodes,Length: 4 hrs and 27 mins
824,5 Rules of Production,Marcus Karl Haman,Length: 1 hr and 11 mins
825,P.S. You're a Genius,Kelly Trach,Length: 5 hrs and 51 mins
826,Extreme Economies,Richard Davies,Length: 11 hrs and 59 mins
827,Mastering Bitcoin,Andreas M. Antonopoulos,Length: 5 hrs and 22 mins
828,Am I Being Too Subtle?,Sam Zell,Length: 8 hrs and 57 mins
829,The Synergy Solution,Mark Sirower,Length: 12 hrs and 7 mins
830,How to Be More Intentional with Time,Laura Vanderkam,Length: 33 mins
831,"Act Like a Leader, Think Like a Leader",Herminia Ibarra,Length: 5 hrs and 23 mins
832,Social Media Marketing 2022 - 4 Books in 1,Michael Branding,Length: 21 hrs and 37 mins
833,HBR Guide to Managing Up and Across,Harvard Business Review,Length: 4 hrs and 45 mins
834,The Book of Real-World Negotiations,Joshua N. Weiss,Length: 7 hrs and 59 mins
835,"Ricos, s??bios e felizes [Richer, Wiser, Happier]",William Green,Length: 14 hrs and 7 mins
836,Financial Intelligence,Karen Berman,Length: 7 hrs and 20 mins
837,Team of Teams,General Stanley McChrystal,Length: 12 hrs and 6 mins
838,More Than You Know,Michael J. Mauboussin,Length: 7 hrs and 27 mins
839,Joy at Work,Marie Kondo,Length: 5 hrs and 19 mins
840,HBR's 10 Must Reads on Business Model Innovation,Harvard Business Review,Length: 4 hrs and 54 mins
841,Rich Dad Advisors: Start Your Own Corporation,Garrett Sutton,Length: 6 hrs and 56 mins
842,"Master Your Time, Master Your Life",Brian Tracy,Length: 4 hrs and 2 mins
843,The Power of Broke,Daymond John,Length: 8 hrs and 44 mins
844,Pitch Perfect,Srimoyi Bhattacharya,Length: 9 hrs and 25 mins
845,Exit Rich,Michelle Seiler Tucker,Length: 8 hrs and 37 mins
846,The 2-Hour Job Search,Steve Dalton,Length: 7 hrs and 20 mins
847,The Customer Success Professional's Handbook,Ashvin Vaidyanathan,Length: 7 hrs and 22 mins
848,So You Wanna: Start a Food or Beverage Business,Douglas Raggio,Length: 4 hrs and 59 mins
849,21 Great Ways to Get the Job You Really Want,Brian Tracy,Length: 1 hr and 4 mins
850,Performing Under Pressure,Hendrie Weisinger,Length: 11 hrs
851,"Ready, Fire, Aim",Michael Masterson,Length: 12 hrs and 10 mins
852,Rethinking Competitive Advantage,Ram Charan,Length: 5 hrs and 18 mins
853,Buy Then Build,Walker Deibel,Length: 7 hrs and 58 mins
854,Good Comes First,S. Chris Edmonds,Length: 9 hrs and 15 mins
855,Five Stars,Carmine Gallo,Length: 8 hrs and 43 mins
856,Raising Engineers,David D. Dettmer,Length: 2 hrs and 21 mins
857,Before You Say Anything,Victoria Wellman,Length: 6 hrs and 38 mins
858,Self-Made Boss,Jackie Reses,Length: 5 hrs and 52 mins
859,Choose Yourself!,James Altucher,Length: 4 hrs and 8 mins
860,In Control at 50+,Kerry Hannon,Length: 6 hrs and 16 mins
861,The Practice of Groundedness,Brad Stulberg,Length: 7 hrs and 3 mins
862,HBR Guide to Crafting Your Purpose,John Coleman,Length: 5 hrs and 8 mins
863,The Startup Playbook (2nd Edition),Rajat Bhargava,Length: 11 hrs and 43 mins
864,Lost and Founder,Rand Fishkin,Length: 9 hrs and 1 min
865,Day Trading for Beginners 2019: Best Strategies to Make a Living and Create a Passive Income from Home,Mark Daymond,Length: 2 hrs and 36 mins
866,The New Rules of Sales and Service,David Meerman Scott,Length: 10 hrs and 30 mins
867,Partnering,Jean Oelwang,Length: 7 hrs and 19 mins
868,"Content Marketing, Content Management & Content Strategie",Paul Reichenbach,Length: 2 hrs and 39 mins
869,A Bit of Optimism,,
870,Doing AI,Richard Heimann,Length: 6 hrs and 59 mins
871,The Art and Business of Public Speaking,,
872,Doesn't Hurt to Ask,Trey Gowdy,Length: 8 hrs and 52 mins
873,I AM GR??ER,Norman Gr??ter,Length: 3 hrs and 42 mins
874,Secrets of Six-Figure Women,Cecil Raven,Length: 12 mins
875,Unmasking the Social Engineer,Christopher Hadnagy,Length: 5 hrs and 20 mins
876,The Execution Premium,Robert S. Kaplan,Length: 10 hrs and 5 mins
877,Karmic Marketing,Joe Vitale,Length: 5 hrs and 26 mins
878,Red Carpet,Erich Schwartzel,Length: 11 hrs and 55 mins
879,Value-Based Fees (3rd Edition),Alan Weiss,Length: 7 hrs and 29 mins
880,The Business Playbook,Chris Ronzio,Length: 3 hrs and 17 mins
881,The Root Cause,Hans Norden,Length: 12 hrs and 48 mins
882,Mastering Stand-Up,Stephen Rosenfield,Length: 9 hrs and 55 mins
883,Three Tools for Tackling Tough Conversations,Phil M. Jones,Length: 29 mins
884,Management,Brian Tracy,Length: 2 hrs and 28 mins
885,Strategic Advertising Management (6th Edition),Richard Rosenbaum-Elliott,Length: 22 hrs and 52 mins
886,Marketing Your Startup,Simona Covel,Length: 5 hrs and 38 mins
887,Procrastination,Jane B. Burka PhD,Length: 10 hrs and 42 mins
888,"Learning to Think Strategically, 4th Edition",Julia Sloan,Length: 12 hrs and 6 mins
889,Beyond Happiness,Jenn Lim,Length: 8 hrs and 9 mins
890,Kompromisslos - Relentless,Tim Grover,Length: 6 hrs and 48 mins
891,"Google Ads, Google SEO & Google Analytics",Paul Reichenbach,Length: 2 hrs and 33 mins
892,Getting Acquired,Andrew Gazdecki,Length: 4 hrs and 53 mins
893,The Daily Mastery Podcast by Robin Sharma,,
894,From Impressed to Obsessed,Jon Picoult,Length: 8 hrs and 58 mins
895,Business Minded,Carly Heitlinger,Length: 4 hrs and 40 mins
896,HBR Handbooks Series: Harvard Business Review Project Management Handbook,Antonio Nieto-Rodriguez,Length: 9 hrs and 59 mins
897,"Executive Presence, Second Edition",Harrison Monarth,Length: 8 hrs and 56 mins
898,The Contrarian,Max Chafkin,Length: 12 hrs and 33 mins
899,Lean Customer Development,Cindy Alvarez,Length: 7 hrs and 23 mins
900,Speed and Scale,John Doerr,Length: 11 hrs and 59 mins
901,Lessons from the Titans,Scott Davis,Length: 11 hrs and 14 mins
902,Social Media Marketing: 7 Books in 1,Charles Edwards,Length: 21 hrs and 40 mins
903,The Caesars Palace Coup,Max Frumes,Length: 12 hrs and 22 mins
904,Office Mein Body Language,Allan Pease,Length: 2 hrs and 32 mins
905,"Crucial Accountability, Second Edition",Kerry Patterson,Length: 6 hrs and 14 mins
906,The New Dynamics of Goal Setting,Denis Waitley,Length: 5 hrs and 23 mins
907,PMP Exam Prep: Pass on Your First Attempt (Based on the PMBOK?? Guide Sixth Edition),Rita Gladwell,Length: 11 hrs and 28 mins
908,History's Greatest Speeches - The Complete Collection,Jesus Christ,Length: 15 hrs and 24 mins
909,How to Win Client Business When You Don't Know Where to Start,Doug Fletcher,Length: 7 hrs and 17 mins
910,Product Roadmaps Relaunched,C. Todd Lombardo,Length: 6 hrs and 41 mins
911,Leading in Tough Times,John C. Maxwell,Length: 2 hrs and 57 mins
912,The Pop-Up Pitch,Dan Roam,Length: 4 hrs and 14 mins
913,Atlas of AI,Kate Crawford,Length: 8 hrs and 53 mins
914,Business Strategy,Jeremy Kourdi,Length: 9 hrs and 41 mins
915,Leading with AI and Analytics,Eric Anderson,Length: 11 hrs and 25 mins
916,Insight,Tasha Eurich,Length: 11 hrs and 28 mins
917,"Arise, Awake",Rashmi Bansal,Length: 4 hrs and 32 mins
918,The Real Madrid Way,Steven G. Mandis,Length: 8 hrs and 54 mins
919,The Practice of Adaptive Leadership,Ronald A. Heifetz,Length: 10 hrs and 59 mins
920,Coaching for Breakthrough Success,Jack Canfield,Length: 8 hrs and 18 mins
921,The Rule,Larry Hite,Length: 5 hrs and 28 mins
922,Conversations That Win the Complex Sale,Erik Peterson,Length: 5 hrs and 26 mins
923,"Move to the Edge, Declare It Center",Everett Harper,Length: 7 hrs and 8 mins
924,The Art of Principled Entrepreneurship,Andreas Widmer,Length: 6 hrs and 49 mins
925,The Science of Fear,Daniel Gardner,Length: 12 hrs and 8 mins
926,Driving Digital Strategy,Sunil Gupta,Length: 7 hrs and 53 mins
927,Silva Ultramind Systems Persuasive Thoughts,Jose Silva Jr.,Length: 7 hrs and 53 mins
928,The Dynamic Laws of Prosperity,Catherine Ponder,Length: 11 hrs and 24 mins
929,Lun??ticos - Loonshots [Loonshots],Safi Bahcall,Length: 16 hrs and 34 mins
930,Design for How People Think,John Whalen PhD,Length: 4 hrs and 43 mins
931,Coupledom with Idris and Sabrina Elba,,
932,Millionaire Upgrade,Richard Parkes Cordock,Length: 3 hrs and 26 mins
933,Hire with Your Head (4th Edition),Lou Adler,Length: 9 hrs and 56 mins
934,Being the Boss,Linda A. Hill,Length: 8 hrs and 28 mins
935,"Influencer, Second Edition",Joseph Grenny,Length: 8 hrs and 10 mins
936,Data Science for Business 2019 (2 Books in 1),Riley Adams,Length: 6 hrs and 36 mins
937,"The Consulting Bible, 2nd Edition",Alan Weiss,Length: 8 hrs and 35 mins
938,How Management Works,DK,Length: 7 hrs and 59 mins
939,I principi del successo,Ray Dalio,Length: 18 hrs and 6 mins
940,The Persuasion Code,Christophe Morin PhD,Length: 10 hrs and 12 mins
941,Getting (More of) What You Want,Margaret A. Neale,Length: 9 hrs and 5 mins
942,The Product-Led Organization,Todd Olson,Length: 8 hrs and 15 mins
943,Sell Like a Pro,Dale Carnegie,Length: 5 hrs and 41 mins
944,Making Work Visible: Exposing Time Theft to Optimize Work & flow,Dominica Degrandis,Length: 5 hrs and 10 mins
945,Kindness Starts With Why,,
946,Busting Loose from the Money Game,Robert Scheinfeld,Length: 7 hrs and 15 mins
947,The Blueprint,Douglas R. Conant,Length: 8 hrs and 10 mins
948,Unmuted,Heather Hansen,Length: 5 hrs and 21 mins
949,Surrounded by Bad Bosses and Lazy Employees,Thomas Erikson,Length: 12 hrs and 58 mins
950,Leading Through Culture,Ken Wilcox,Length: 6 hrs and 47 mins
951,"Speak Like Churchill, Stand Like Lincoln",James C. Humes,Length: 6 hrs and 31 mins
952,The Ultimate Goals Program,Brian Tracy,Length: 7 hrs and 15 mins
953,"Why We Buy, Updated and Revised Edition",Paco Underhill,Length: 12 hrs
954,Value,Tim Koller,Length: 8 hrs and 11 mins
955,Chillpreneur,Denise Duffield-Thomas,Length: 8 hrs and 4 mins
956,The Game-Changer,A. G. Lafley,Length: 12 hrs and 26 mins
957,Earl Nightingale Reads Think and Grow Rich,Napoleon Hill,Length: 42 mins
958,Getting Naked,Patrick Lencioni,Length: 4 hrs and 17 mins
959,Profitable Growth is Everyone's Business,Ram Charan,Length: 5 hrs and 3 mins
960,HBR's 10 Must Reads on Leading Digital Transformation,Harvard Business Review,Length: 6 hrs and 22 mins
961,30 Days to a More Powerful Business Vocabulary,Dan Strutzel,Length: 5 hrs and 16 mins
962,The Business of Belonging,David Spinks,Length: 6 hrs and 19 mins
963,It's Not About the Money,Bob Proctor,Length: 5 hrs and 53 mins
964,Think Like Amazon,John Rossman,Length: 9 hrs and 10 mins
965,Confessions of a Recovering Engineer,Charles L. Marohn Jr.,Length: 9 hrs and 21 mins
966,Think Simple,Ken Segall,Length: 7 hrs and 29 mins
967,Remote,Jason Fried,Length: 3 hrs and 22 mins
968,Relentless Solution Focus,Dr. Jason Selk,Length: 7 hrs and 4 mins
969,"Lean Six Sigma for Dummies, 4th Edition",Martin Brenig-Jones,Length: 11 hrs and 20 mins
970,How to Win at the Sport of Business,Mark Cuban,Length: 2 hrs and 8 mins
971,The Toyota Way Fieldbook,Jeffrey K. Liker,Length: 15 hrs and 33 mins
972,The Employee Experience Advantage,Jacob Morgan,Length: 6 hrs and 55 mins
973,How Business Works,DK,Length: 11 hrs and 44 mins
974,8 Steps to High Performance,Marc Effron,Length: 5 hrs and 5 mins
975,"Talk Less, Say More",Connie Dieken,Length: 3 hrs and 2 mins
976,The Essential Deming,W. Edwards Deming,Length: 9 hrs and 12 mins
977,The Secrets of Power Negotiating,Roger Dawson,Length: 5 hrs and 3 mins
978,Change Maker,John Berardi PhD,Length: 7 hrs and 51 mins
979,Work Better Together,Jen Fisher,Length: 6 hrs and 52 mins
980,Beating Burnout at Work,Paula Davis,Length: 3 hrs and 10 mins
981,Fierce Leadership,Susan Scott,Length: 11 hrs and 11 mins
982,Eat that Frog - Young Generation (German edition),Brian Tracy,Length: 3 hrs and 54 mins
983,Disrupted,Dan Lyons,Length: 9 hrs and 17 mins
984,"Essentials of Inventory Management, Third Edition",Max Muller,Length: 9 hrs
985,Calm Clarity,Due Quach,Length: 14 hrs and 1 min
986,Your Next Move,Michael Watkins,Length: 6 hrs and 10 mins
987,Stock Market Investing for Beginners 2021,Bert Massy,Length: 3 hrs
988,CryptoDad,Christopher Giancarlo,Length: 13 hrs and 7 mins
989,Bulletproof Decisions,Ruben Ugarte,Length: 8 hrs and 13 mins
990,Digital Customer Service,Rick Delisi,Length: 5 hrs and 35 mins
991,The Basics of Entrepreneurship,Sasan Seyedi,Length: 1 hr and 8 mins
992,The Happy Inbox,Maura Nevel Thomas,Length: 1 hr and 42 mins
993,Navigating the Cybersecurity Career Path,Helen Patton,Length: 7 hrs and 50 mins
994,Finding My Virginity,Sir Richard Branson,Length: 17 hrs and 55 mins
995,After Dinner Investor | Value Investing Podcast On The Hunt For No-Brainer Stock Investments,,
996,Unbeatable Mind: Forge Resiliency and Mental Toughness to Succeed at an Elite Level (Third Edition: Updated & Revised),Mark Divine,Length: 7 hrs and 16 mins
997,How to Build Network Marketing Leaders,Tom "Big Al" Schreiter,Length: 2 hrs and 29 mins
998,The Real-Life MBA,Jack Welch,Length: 6 hrs and 26 mins
999,Speak!,Dale Carnegie & Associates,Length: 5 hrs and 16 mins
1000,Without Saying a Word,Kasia Wezowski,Length: 4 hrs and 44 mins
1001,The Wealth Choice,Dennis Kimbro,Length: 12 hrs and 1 min
1002,"Admen, Mad Men, and the Real World of Advertising",Dave Marinaccio,Length: 5 hrs and 5 mins
1003,Scrum [Scrum],Jeff Sutherland,Length: 8 hrs and 19 mins
1004,Bloomberg Law,,
1005,The Silk Road Rediscovered,Anil K. Gupta,Length: 7 hrs and 32 mins
1006,You Coach You,Helen Tupper,Length: 6 hrs and 19 mins
1007,The Lifestyle Investor,Justin Donald,Length: 9 hrs and 38 mins
1008,Xiaomi,Jayadevan P.k.,Length: 6 hrs and 25 mins
1009,The Art of the Start 2.0,Guy Kawasaki,Length: 9 hrs and 45 mins
1010,HBR Guide to Project Management,Harvard Business Review,Length: 3 hrs and 39 mins
1011,Lying,Sam Harris,Length: 1 hr and 15 mins
1012,What Got You Here Won't Get You There in Sales,Marshall Goldsmith,Length: 5 hrs and 5 mins
1013,Ganbatte!,Albert Liebermann,Length: 2 hrs and 54 mins
1014,NFT Secrets,John Russel,Length: 3 hrs and 27 mins
1015,High Performance,Jake Humphrey,Length: 7 hrs and 47 mins
1016,Million Dollar Micro Business,Tina Tower,Length: 9 hrs and 18 mins
1017,Crypto Economy,Aries Wang,Length: 3 hrs and 45 mins
1018,Trust Yourself,Melody Wilding LMSW,Length: 5 hrs and 21 mins
1019,"How To Succeed In Product Management | Jeffrey Shulman, Red Russak & Soumeya Benghanem",,
1020,Above the Law - Thinking Like a Lawyer,,
1021,Get Sellers Calling You: real estate agent marketing agent coaching Realtor Tom Ferry Brian Buffini Gary Vaynerchuck Grant Cardone Mike Ferry Tim Ferris Tim Julie Harris Gary Keller Millionaire Real Estate Agent MAPS coaching bigger pockets rookie agent,,
1022,GUJJU TALKS | Your Best Gujarati podcast,,
1023,HR Rescue: Human Resource Solutions for Small Business,,
1024,The Marketing Tintin,,
1025,Programming Gyan [C++],,
1026,"People, Process, Progress",,
1027,The SaaS Marketing Show,,
1028,All Ears on Addiction: An NAATP Podcast,,
1029,Let's Talk Filmmaking,,
1030,DarrenDaily On-Demand,,
1031,Masters in Business,,
1032,Scaling SaaS Operations,,
1033,The Audit Podcast,,
1034,Hard Work Smart AMA Show. How to do nearly nothing and get solid results?,,
1035,The 4 Disciplines of Execution Podcast,,
1036,Let's Get Down to Business,,
1037,ReCast with Saurabh Sardana,,
1038,The Civil Engineering Podcast,,
1039,Software Engineering Unlocked,,
1040,Business Wars Daily,,
1041,Managing People,DK,Length: 2 hrs and 15 mins
1042,The 7-Minute Productivity Solution,John Brandon,Length: 6 hrs and 35 mins
1043,The Way of the Wall Street Warrior,Dave Liu,Length: 10 hrs and 34 mins
1044,Leadership,DK,Length: 2 hrs and 7 mins
1045,Lean UX,Jeff Gothelf,Length: 6 hrs and 11 mins
1046,Kick Ass with Mel Robbins,Mel Robbins,https://m.media-amazon.com/images/I/51q4Ep0DCUL._SL500_.jpg
1047,The Porn Reboot Podcast,,
1048,The Gap And The Gain,,
1049,The 5am Club Podcast,,
1050,Lean Thinking for Business Excellence with Thom Keehan of Enterprise Kaizen,,
1051,Java With Josh,,
1052,The FinTech Podcast,,
1053,The Education of a Value Investor,,
1054,Hustle And Flowchart - Web3 and The Creator Economy,,
1055,Activate Yourself by Geeta Sidhu-Robb,,
1056,Raw Sauce,,
1057,Club 5am Latino,,
1058,The Alchemy of Finance,George Soros,Length: 2 hrs and 49 mins
1059,The Seven Pillars of Customer Success,Wayne McCulloch,Length: 8 hrs and 6 mins
1060,Customer Data Platforms,Martin Kihn,Length: 9 hrs and 9 mins
1061,The Fast Forward MBA in Project Management (6th Edition),Eric Verzuh,Length: 19 hrs and 54 mins
1062,Merchant Kings,Stephen R. Bown,Length: 9 hrs and 52 mins
1063,The Dumb Things Smart People Do with Their Money,Jill Schlesinger,Length: 9 hrs and 16 mins
1064,Ultimate Money Guide to NFT Investing - Non-Fungible token (NFT) for Beginners and Beyond,InvestingWizard Press,Length: 3 hrs and 30 mins
1065,The Ten Pillars of Success,Josephine Perry,Length: 9 hrs and 55 mins
1066,The Public Relations Handbook,Robert L. Dilenschneider,Length: 10 hrs and 22 mins
1067,The Pursuit of Excellence,Ryan Hawk,Length: 6 hrs and 48 mins
1068,"Leadership Lessons, Volume 2",James B. Rieley,Length: 8 hrs and 39 mins
1069,Be the Leader You Want to See,Susie Ramroop,Length: 4 hrs and 57 mins
1070,What Is Strategy?,Professor Michael E. Porter,Length: 56 mins
1071,The Eye Test,Chris Jones,Length: 8 hrs and 37 mins
1072,The Lean Turnaround,Art Byrne,Length: 6 hrs and 4 mins
1073,How To Instantly Connect With Anyone,Leil Lowndes,Length: 3 hrs
1074,Small Business Revolution,Barry McCarthy,Length: 7 hrs and 58 mins
1075,How to Avoid Falling in Love with a Jerk,John Van Epp,Length: 9 hrs and 2 mins
1076,"Humble Inquiry, Second Edition",Edgar H. Schein,Length: 4 hrs and 5 mins
1077,The Creative Contrarian,Roger von Oech,Length: 4 hrs and 44 mins
1078,Bringing Out the Best in People,Aubrey C. Daniels,Length: 4 hrs and 20 mins
1079,Friction Fatigue,Paul Dyer,Length: 6 hrs and 19 mins
1080,Unfear,Gaurav Bhatnagar,Length: 8 hrs and 25 mins
1081,You Can Change Other People,Peter Bregman,Length: 4 hrs and 59 mins
1082,A Vulnerable System,Andrew J. Stewart,Length: 10 hrs and 15 mins
1083,Small Giants,Bo Burlingham,Length: 10 hrs and 47 mins
1084,Driven to Distraction at Work,Ned Hallowell,Length: 8 hrs and 12 mins
1085,O jogo infinito [The Infinite Game],Simon Sinek,Length: 8 hrs and 59 mins
1086,User Tested,Janelle Estes,Length: 6 hrs and 8 mins
1087,#AskGaryVee,Gary Vaynerchuk,Length: 11 hrs and 37 mins
1088,How to Have a Good Day,Caroline Webb,Length: 13 hrs and 23 mins
1089,"Ideas, Influence, and Income",Tanya Hall,Length: 7 hrs and 15 mins
1090,Negotiating from the Inside Out,Clint Babcock,Length: 3 hrs and 48 mins
1091,Linked,Albert-Laszlo Barabasi,Length: 8 hrs and 3 mins
1092,80/20 Sales and Marketing,Perry Marshall,Length: 5 hrs and 43 mins
1093,The Smart Business Guide to China E-Commerce,Frank Lavin,Length: 5 hrs and 56 mins
1094,No Bullsh!t Leadership,Martin G. Moore,Length: 7 hrs and 50 mins
1095,Beyond Collaboration Overload,Rob Cross,Length: 7 hrs and 2 mins
1096,The Habit of Excellence,Lt. Col Langley Sharp,Length: 9 hrs and 10 mins
1097,American Kleptocracy,Casey Michel,Length: 9 hrs and 40 mins
1098,Getting the Job Done,Kevin Torf,Length: 3 hrs and 43 mins
1099,The Social Intranet - Encouraging Collaboration and Strengthening Communication,Martin Seibert,Length: 10 hrs and 31 mins
1100,Rework,,
1101,Value Stream Mapping,Karen Martin,Length: 4 hrs and 9 mins
1102,Innovating Lean Six Sigma,Kimberly Watson-Hemphill,Length: 7 hrs and 13 mins
1103,People Operations,Jay Fulcher,Length: 7 hrs and 58 mins
1104,Le 4 Discipline dell'Execution,Chris McChesney,Length: 9 hrs and 52 mins
1105,Habits of Leadership,,
1106,Promote Yourself to CEO | Small Business Strategy for Women Entrepreneurs,,
1107,Enchanting Book Readings,,
1108,The Quantitative Supply Chain,,
1109,Origins Australia Podcast,,
1110,The Why And The What ?Product Management Podcast,,
1111,This is Product Marketing,,
1112,"Spend Culture: CFOs on People, Cash, and Organizations",,
1113,From Zero to Foundr Podcast,,
1114,Real Estate Strategies with Ken McElroy,,
1115,The MBA Jam,,
1116,"Leaders of B2B - Interviews on B2B Leadership, Tech, SaaS, Revenue, Sales, Marketing and Growth",,
1117,Ponzi Scream,,
1118,PwC's accounting podcast,,
1119,Inside the War Room: Case Studies in Crisis,,
1120,Journaling Habit,,
1121,The Insurance Matters Podcast,,
1122,Behind the Cloud: A Salesforce Architect?? Podcast Mini-Series,,
1123,The Trailblazer?? Guide to Careers by Salesforce,,
1124,The Swap,,
1125,Thinclab Growth Mindset Podcast,,
1126,Entfessle Dein Leben!,,
1127,My JavaScript Story,,
1128,Japan's Top Business Interviews Podcast By Dale Carnegie Training Tokyo Japan,,
1129,Ask an Engineering Manager,,
1130,The Art of Communication,,
1131,Google Ads Strategy with Kyle Sulerud,,
1132,Two Scrums Up,,
1133,Product Management: The Journey 0 - 1 - 100,,
1134,Talk with Ted - A Show About Nothing,,
1135,"Communication Charm - Influence, Negotiation, Presence, Charisma",,
1136,Blazing Business Trails,,
1137,Adventures in Business,,
1138,Rocket Roof Show,,
1139,eCommerce Fastlane ?The Shopify Podcast To Grow Your Ecommerce Business,,
1140,B2B Sales and Negotiation Wisdom,,
1141,Life Insurance Academy Podcast,,
1142,MIT Supply Chain Frontiers,,
1143,Inside Fashion Marketing by Zalando Marketing Services,,
1144,JavaScript Jabber,,
1145,Anesthesia Patient Safety Podcast,,
1146,??????????????????????,,https://m.media-amazon.com/images/I/418d3ewI1WS._SL500_.jpg
1147,Make It Happen: Secrets To Go From Stuck To Unstoppable Without Changing Who You Are Even if No One Believes In You Or Stand By You,,
1148,Ethical Voices Podcast: Real Ethics Stories from Real PR Pros,,
1149,Master Your Next Move,Michael D. Watkins,Length: 6 hrs and 8 mins
1150,The Samsung Way,Jaeyong Song,Length: 8 hrs and 45 mins
1151,The Forever Transaction,Robbie Kellman Baxter,Length: 6 hrs and 16 mins
1152,The Heart of Business,Hubert Joly,Length: 7 hrs and 16 mins
1153,The Future of Work,Jacob Morgan,Length: 7 hrs and 38 mins
1154,Building and Managing High-Performance Distributed Teams,Alberto S. Silveira Jr.,Length: 9 hrs and 42 mins
1155,Leading with Empathy,Gautham Pallapa,Length: 9 hrs and 51 mins
1156,The Five Graces of Life and Leadership,Gary Burnison,Length: 1 hr and 19 mins
1157,Redesigning Work,Lynda Gratton,Length: 8 hrs and 56 mins
1158,The Ultimate Gift,Jim Stovall,Length: 2 hrs and 35 mins
1159,Everybody Matters,Bob Chapman,Length: 8 hrs and 50 mins
1160,Warren Buffett,Robert G. Hagstrom,Length: 9 hrs and 50 mins
1161,Fearless Leadership,Loretta Malandro,Length: 10 hrs and 38 mins
1162,The Toyota Way to Service Excellence,Jeffrey K. Liker,Length: 15 hrs and 41 mins
1163,Retail Arbitrage,Mark Graham,Length: 5 hrs and 16 mins
1164,The Three Secrets to Effective Time Investment,Elizabeth Grace Saunders,Length: 9 hrs and 5 mins
1165,Growth in the Age of Complexity,Andrei Perumal,Length: 7 hrs and 27 mins
1166,Provoke,Geoff Tuff,Length: 7 hrs and 3 mins
1167,Sonho grande [Dream Big],Cristiane Correa,Length: 8 hrs and 18 mins
1168,Never Enough,Mike Hayes,Length: 6 hrs and 57 mins
1169,Creative Conflict,Bill Sanders,Length: 8 hrs and 9 mins
1170,Planning a Profitable Business for Dummies (Australian Edition),Veechi Curtis MBA,Length: 6 hrs and 21 mins
1171,V?? em frente [Get Over Your Damn Self],Romi Neustadt,Length: 6 hrs and 45 mins
1172,"Naked, Short and Greedy",Susanne Trimbath,Length: 5 hrs and 45 mins
1173,More Important Than Money,Robert T. Kiyosaki,Length: 11 hrs and 25 mins
1174,What Your Customer Wants and Can?? Tell You,Melina Palmer,Length: 8 hrs and 12 mins
1175,Press Reset,Jason Schreier,Length: 8 hrs and 14 mins
1176,Cyber Security Interviews,,
1177,Market Research Like a Pro,Pooja Agnihotri,Length: 48 mins
1178,The Emergence of Charismatic Business Leadership,Richard S. Tedlow,Length: 11 hrs and 25 mins
1179,Data Means Business,Jason Foster,Length: 4 hrs and 44 mins
1180,How to Start a Side Hustle,Kaylene Langford,Length: 2 hrs and 53 mins
1181,Wallet Activism,Tanja Hester,Length: 9 hrs and 8 mins
1182,How to Make Inclusive Decisions as a Team,Piper Anderson,Length: 39 mins
1183,The Business Survival Kit,Bianca Miller-Cole,Length: 8 hrs and 2 mins
1184,Boundless Leadership,Joe Loizzo,Length: 9 hrs and 54 mins
1185,Growing Physician Leaders,Mark Hertling DBA,Length: 6 hrs and 33 mins
1186,Unsettled,Ryan Hampton,Length: 12 hrs and 2 mins
1187,How to Land Your Dream Job,Ben Carlos,Length: 17 mins
1188,A Practical Handbook for the Actor,Melissa Bruder,Length: 2 hrs and 7 mins
1189,"The Big Book of HR, 10th Anniversary Edition",Barbara Mitchell,Length: 12 hrs and 36 mins
1190,Kindle????????????????????????????????2??????1??r?????????????????????k????????v%????????????????????????F????K.K.,,https://www.audible.in/pd/Kindle3-Audiobook/B09TDF89F6
1191,"Running Lean, 2nd Edition",Ash Maurya,Length: 5 hrs and 40 mins
1192,Million Dollar Habits,Brian Tracy,Length: 8 hrs and 3 mins
1193,Opto Sessions: Stock market | Investing | Trading | Stocks & Shares | Finance | Business | Entrepreneurship | ETF,,
1194,?????????????j???,?????????? ????,https://m.media-amazon.com/images/I/51-fTaSSlGL._SL500_.jpg
1195,Competing Against Free (Harvard Business Review),David J. Bryce,Length: 18 mins
1196,"Sun Tzu 4 Small Business | Strategy and Tactics, Technology and Leadership, Management and Marketing for Small Business Owners",,
1197,The Customer-Funded Business,John Mullins PhD,Length: 7 hrs and 37 mins
1198,"How to Talk to Anyone, Anytime, Anywhere",Larry King,Length: 1 hr and 20 mins
1199,The Z Factor,Subhash Chandra,Length: 8 hrs and 29 mins
